artist,album,track,WC,Analytic,Clout,Authentic,Tone,WPS,BigWords,Dic,Linguistic,function,pronoun,ppron,i,we,you,shehe,they,ipron,det,article,number,prep,auxverb,adverb,conj,negate,verb,adj,quantity,Drives,affiliation,achieve,power,Cognition,allnone,cogproc,insight,cause,discrep,tentat,certitude,differ,memory,Affect,tone_pos,tone_neg,emotion,emo_pos,emo_neg,emo_anx,emo_anger,emo_sad,swear,Social,socbehav,prosocial,polite,conflict,moral,comm,socrefs,family,friend,female,male,Culture,politic,ethnicity,tech,Lifestyle,leisure,home,work,money,relig,Physical,health,illness,wellness,mental,substances,sexual,food,death,need,want,acquire,lack,fulfill,fatigue,reward,risk,curiosity,allure,Perception,attention,motion,space,visual,auditory,feeling,time,focuspast,focuspresent,focusfuture,Conversation,netspeak,assent,nonflu,filler,AllPunc,Period,Comma,QMark,Exclam,Apostro,OtherP,Emoji
All Get Out,All Get Out,01 Coach Connor,145,39.7,3.55,86.26,63.69,145,5.52,91.72,80,62.76,11.72,8.28,8.28,0,0,0,0,3.45,21.38,8.97,4.83,11.03,7.59,13.79,5.52,1.38,17.24,8.28,11.72,2.76,1.38,1.38,0,13.1,6.21,6.9,2.07,0.69,2.07,1.38,0,1.38,0.69,3.45,2.76,0,2.76,2.76,0,0,0,0,0.69,3.45,0.69,0,0,0,0,0,1.38,0,0.69,0,0,0,0,0,0,5.52,0,3.45,0.69,0.69,0.69,0.69,0,0,0,0,0,0,0,0,0,0.69,0.69,0,0,0,0,0,0,11.03,11.72,0,1.38,7.59,1.38,0,1.38,5.52,4.14,4.14,0.69,0,0,0,0,0,4.14,0,0.69,0,0,3.45,0,0
All Get Out,All Get Out,02 Come My Way,933,51.46,65.94,73.28,42.47,93.3,8.25,84.24,65.49,51.02,17.36,13.61,6.65,2.68,3.75,0.43,0.11,3.75,13.61,5.89,1.93,13.5,7.4,4.07,4.39,2.25,17.26,4.39,5.04,4.72,3.54,0.75,0.54,9.86,2.25,7.5,1.71,0.64,1.29,1.07,0.21,3.32,0.11,5.57,3.43,1.93,1.07,0.21,0.64,0.11,0.21,0.11,0,13.83,4.18,0.64,0.11,0.43,0,2.25,10.18,0.54,0.21,0.43,1.82,0.54,0.32,0,0.21,4.18,2.47,0.11,0.96,0.54,0.21,3,0.21,0.11,0.11,0,0,0,1.71,0.32,0.54,0.54,2.25,0.21,0,0,0.21,0.64,0.21,12.33,9.54,0.32,2.89,5.57,0.96,0.54,0.21,3.11,0.75,5.89,2.89,1.61,1.5,0.11,0,0,10.4,0.86,4.29,0.54,0.11,4.5,0.11,0
All Get Out,All Get Out,03 Water And God,157,19.24,29.47,99,99,157,14.01,97.45,75.8,52.87,14.01,9.55,6.37,3.18,0,0,0,4.46,12.74,5.1,1.91,11.46,11.46,7.01,9.55,2.55,22.93,9.55,9.55,7.64,6.37,1.27,0.64,16.56,4.46,12.1,3.18,1.91,1.91,3.18,0,2.55,0,10.19,8.28,0.64,3.18,1.91,0.64,0,0,0,0.64,11.46,4.46,2.55,0,0,0,0,7.01,0,2.55,0,0,0,0,0,0,4.46,1.27,1.91,0,0,1.27,3.82,0.64,0,0,0,0,0,0.64,0,0,0.64,2.55,0,1.27,0,0,0,0,15.29,13.38,0,4.46,7.64,0.64,0,1.27,12.1,0,11.46,2.55,1.91,0,0,1.91,0,9.55,0,1.91,0,0,7.64,0,0
All Get Out,All Get Out,04 Like A Child,159,43.04,75.68,76.01,59.71,79.5,5.03,93.08,74.21,54.09,15.09,8.81,2.52,0.63,5.66,0,0,6.29,13.21,5.66,1.89,14.47,7.55,5.66,8.18,2.52,22.01,6.92,2.52,2.52,1.26,0.63,0.63,13.84,0.63,12.58,5.03,0,1.89,1.89,0.63,3.14,0,7.55,5.03,2.52,3.77,1.89,1.89,0,0,1.26,0,13.84,3.14,0,0,0.63,0,1.26,8.18,0,0.63,0,0,0,0,0,0,0.63,0,0,0,0,0.63,5.66,0,0,0,0,0,0,0,0.63,0,0.63,1.26,0,0,0,0,0,0,13.21,11.95,0.63,2.52,6.29,1.26,0,1.89,4.4,3.77,5.66,1.26,0.63,0,0,0.63,0,6.29,1.89,0,0,0,4.4,0,0
All Get Out,All Get Out,05 The E.C.,110,37.08,14.16,99,47.86,55,5.45,96.36,68.18,51.82,19.09,10.91,10,0,0.91,0,0,8.18,10.91,2.73,0,14.55,9.09,7.27,0.91,1.82,23.64,2.73,2.73,0,0,0,0,11.82,4.55,7.27,2.73,0.91,0.91,0,0,1.82,0,1.82,1.82,0,0,0,0,0,0,0,0,11.82,5.45,1.82,2.73,0,0,1.82,7.27,5.45,0,0.91,0,0,0,0,0,2.73,0,0,0.91,0.91,0.91,0,0,0,0,0,0,0,0,0,0,0.91,0,0,0,0,0,0,0,20,15.45,0.91,8.18,7.27,0.91,0,0,17.27,1.82,8.18,1.82,1.82,0,0.91,0.91,0,22.73,5.45,9.09,0,0,8.18,0,0
All Get Out,All Get Out,06 Wasting All My Breath,199,4.69,98.15,25.98,1.73,28.43,6.03,90.95,76.38,61.81,26.13,15.58,5.03,1.01,8.04,1.51,0,10.55,13.57,5.53,0,11.06,10.55,10.05,8.04,0.5,19.1,6.53,4.02,5.03,3.02,0,2.01,11.06,3.52,7.54,2.01,4.02,0.5,1.51,0,0.5,0,6.03,1.51,4.52,1.01,0,1.01,0,0.5,0.5,0,19.6,6.53,2.01,0,0,3.52,2.01,12.56,1.51,0,3.02,0,0,0,0,0,2.01,0,0,0,0.5,1.51,3.02,0.5,0,0,0,0.5,0,0,1.01,0,0,4.52,0,0,0,0,0,0,7.54,8.04,0,1.01,5.53,0.5,0,1.01,2.51,3.02,4.52,2.01,1.51,1.51,0,0,0,12.56,0,2.01,3.02,0,6.53,1.01,0
All Get Out,All Get Out,"07 Three More, I Guess",182,85.25,36.91,93.28,85.37,182,7.69,95.05,81.87,64.84,13.74,6.04,2.75,0.55,1.65,0,1.1,7.69,30.77,7.69,5.49,17.58,4.4,2.75,5.49,1.65,11.54,9.34,20.33,1.1,0.55,0,0.55,13.19,7.14,6.04,2.2,0.55,0.55,1.1,0,2.75,0,4.4,4.4,0,2.2,2.2,0,0,0,0,0,8.24,3.85,0,1.1,0,0.55,1.65,4.4,0,0,0,0,0,0,0,0,2.75,0.55,0,0,0,2.2,1.1,0,0,0,0,0,0,0,0,0,0,0,0,0,0,0,0,0,7.69,14.29,0,2.75,8.79,1.65,1.1,0.55,7.69,1.65,4.95,0,0,0,0,0,0,4.4,0,2.2,0,0,2.2,0,0
All Get Out,Movement,All My Friends Are Dead,263,16.02,14.61,92.96,25.12,131.5,10.65,92.4,70.72,53.99,21.29,17.87,13.69,1.52,1.14,0.38,1.14,3.42,15.59,5.32,0,10.65,12.93,6.08,3.8,1.52,23.95,5.32,4.18,10.65,4.56,3.04,2.66,10.65,3.8,6.84,1.52,1.52,2.28,0.76,0,1.52,0,4.94,2.66,2.28,0.76,0.38,0,0,0,0,0,13.69,5.7,0,0,1.9,0.38,1.52,8.75,2.28,1.14,0.76,0.76,0,0,0,0,6.08,0.38,0.38,2.66,1.14,1.52,6.08,0.76,0.38,0,0,0,0.38,0,3.42,0,1.14,3.04,0,0.38,0,0.38,0,0.38,7.98,7.6,0,3.04,3.04,1.14,0,0.38,6.08,7.6,7.22,1.52,1.14,0.76,0,0.38,0,11.79,1.14,1.9,0,0,7.98,0.76,0
All Get Out,Movement,Balance,181,12.88,30.82,99,35.94,181,8.29,93.92,77.35,51.93,19.34,15.47,8.29,0,7.18,0,0,3.87,11.05,3.87,0,8.84,9.94,5.52,2.76,6.63,28.18,4.42,4.42,4.97,0.55,0,4.42,13.26,1.1,12.15,3.87,1.66,2.76,1.1,0,3.31,0,9.39,4.97,3.87,4.42,1.66,2.76,0,0,0,0.55,11.6,2.21,0,0,0,0,0,9.94,0,0.55,0,0,0,0,0,0,3.31,0,2.21,0,0,1.1,2.76,0,0,0,0,0,0,0.55,0,0.55,2.76,0.55,0.55,0,0,0,0,0,16.57,16.02,0.55,6.08,9.94,0.55,0.55,2.21,3.87,0.55,11.05,0.55,0,0,0,0,0,15.47,0,5.52,0,0,9.94,0,0
All Get Out,Movement,Movement,341,11.71,8.77,99,11.31,341,10.26,95.01,76.54,61.88,25.22,15.54,9.68,0.29,4.99,0,0.59,9.68,14.37,4.99,0.29,11.73,11.14,4.11,2.64,5.87,21.99,3.81,4.11,3.23,0.88,0.88,1.47,19.65,4.99,14.66,5.87,2.35,2.05,0.59,0.29,3.81,0.29,3.52,1.17,2.05,2.64,0.59,2.05,0.59,0.59,0.59,0.29,11.44,4.4,0.29,0,0,0.59,2.64,7.04,0,0,0,1.17,0,0,0,0,1.17,0,0,0.29,0.29,0.59,4.99,0.88,0,0,0,0,0.29,0,0.29,0,0.29,0.59,0,0,0,0.29,0,0,12.32,12.02,0,4.4,6.45,1.47,0,0.59,3.23,9.38,3.52,0.88,0.59,0,0,0.59,0,10.56,0,4.4,0,0,6.16,0,0
All Get Out,Movement,Orchestra,270,58.56,98.55,90,72.45,270,13.33,91.11,72.96,53.7,18.52,13.7,2.96,6.67,3.33,0,0.74,4.81,14.81,8.15,0,15.19,9.26,5.56,3.33,0.37,21.11,8.15,3.7,11.48,10,1.48,0,12.96,2.96,10,1.48,1.11,1.11,0.74,1.11,4.44,0,4.81,4.07,0.74,1.11,1.11,0,0,0,0,0,18.89,4.81,0.37,0,0,0,1.11,14.07,2.96,0,0,1.11,0,0,0,0,3.33,1.11,0.37,0.74,0.37,0.74,7.41,2.22,1.11,0,0,0,0,0,0,0,0,0,0,0,0,0,0,0.74,8.15,13.33,1.48,2.59,9.63,1.48,0,0,5.19,5.19,4.81,4.44,0.37,0,0.37,0,0,11.11,0,4.81,0,0,6.3,0,0
All Get Out,Movement,Sans,223,35.32,50.75,96.05,15.24,223,11.21,94.62,73.99,53.81,19.73,14.8,7.62,0.45,5.83,0.45,0.45,4.93,13.9,6.28,0,13,9.42,4.93,3.59,3.14,22.87,8.97,3.14,3.14,1.79,0,1.35,12.11,3.14,8.97,3.14,0.45,0.9,2.24,0.45,3.59,0,8.52,4.04,4.48,4.48,2.24,2.24,0,0.45,0.9,0,20.63,10.31,1.79,0,0.9,1.35,3.59,9.87,0.9,0,1.35,0.9,0,0,0,0,3.14,0.45,0.45,0,0.9,1.35,4.04,0.45,0,0,0,0,0,0,0,0,0,0,0.45,0,0,0,0.45,1.79,9.87,12.11,0.9,3.14,7.17,1.79,0.45,0,4.48,0.9,9.87,1.35,0.45,0,0.45,0,0,17.04,0,9.42,0,0,7.62,0,0
All Get Out,No Bouquet,Archives,298,5.28,74.49,99,16.41,298,9.06,91.61,83.89,65.44,24.83,21.48,10.4,0.34,8.05,0,2.68,3.36,14.09,5.03,1.01,10.4,12.08,9.73,5.03,1.68,24.5,8.72,4.7,2.01,0.34,1.01,0.67,14.09,3.02,11.07,5.03,0.34,2.68,3.36,0,2.01,0,5.03,2.35,2.68,3.02,1.01,2.01,1.34,0,0,0,14.09,1.68,0,0,0,0,0.67,11.74,0,0,0,0,0,0,0,0,0.34,0,0,0,0,0.34,2.01,1.01,0.34,0,0,0,0,0.34,0.67,0,0,0,0.67,0.34,0,0,0,1.68,11.41,13.76,1.01,2.68,9.73,1.01,0,1.34,5.03,2.68,8.72,1.01,0,0,0,0,0,7.38,0,0.34,0,0,7.05,0,0
All Get Out,No Bouquet,First Contact,235,29.06,16.94,91.07,4.04,235,8.09,91.49,83.83,64.68,14.47,11.91,8.09,0.85,2.98,0,0,2.55,17.02,8.09,0.43,11.49,13.19,6.38,5.96,3.4,24.26,5.96,6.81,1.28,0.85,0,0.43,21.7,5.11,16.6,2.13,0.43,7.23,3.83,2.13,1.28,0.85,5.53,1.7,3.83,3.83,0.43,3.4,0,2.13,0.43,0,4.68,0.43,0,0,0,0,0,4.26,0,0,0,0,0,0,0,0,1.28,0,1.28,0,0,0,1.7,0,0,0,0,0,0,0.43,0,0,2.13,0,0.85,0.43,0,0,0,0,7.66,13.19,0,3.4,8.51,0.43,0,0.85,9.36,2.55,8.94,0,0.43,0,0.43,0,0,4.68,0,0,0,0,4.68,0,0
All Get Out,No Bouquet,God Damn,249,1,35.46,96.48,70.72,124.5,11.24,93.17,82.73,65.06,28.11,20.88,10.84,0.4,9.64,0,0,7.23,11.65,3.21,0,7.63,12.05,8.43,8.03,4.82,26.1,5.22,2.41,3.61,1.61,0.8,1.2,17.67,3.21,14.46,4.02,0.4,4.02,4.42,0,5.22,0,6.02,4.42,1.2,2.81,2.41,0.4,0,0,0,0.4,17.27,6.83,0,0,0,0,3.61,10.44,0,0,0,0,0,0,0,0,1.2,0.4,0,0,0,0.8,1.61,0.4,0,0,0,0,0,0,0,2.01,1.61,0,0.4,0.4,0,0,0.4,0,11.65,11.65,1.2,1.2,6.43,1.61,0,2.01,4.42,4.42,10.04,4.42,0.8,0.4,0.4,0,0,6.83,0,0.4,0.4,0,6.02,0,0
All Get Out,No Bouquet,However Long,214,1.27,54.01,99,7.58,214,10.28,92.99,80.37,65.89,30.37,25.7,14.02,0,11.68,0,0,4.67,11.21,5.61,0,9.81,16.36,7.94,4.67,2.34,24.77,7.48,2.8,0.47,0,0.47,0,16.82,3.27,13.55,2.34,0.93,3.27,0.93,2.34,4.67,0.93,1.4,0,1.4,0.93,0,0.93,0,0,0.47,0,16.82,1.4,0,0,0,0,1.4,11.68,0,0,0,0,0,0,0,0,0.93,0,0.93,0,0,0,1.4,0,0,0,0,0,0,0,0,0.47,0,0.47,0,0,0,0,0,0,9.35,12.62,0.47,1.4,6.54,0.47,2.8,0.47,7.48,3.27,11.21,3.27,3.27,3.27,0,0,0,7.01,0,0,0,0,6.54,0.47,0
All Get Out,No Bouquet,Namesake,326,3.69,40.06,99,13.64,163,8.28,93.56,81.6,62.88,23.01,18.4,10.12,1.23,6.75,0,0.31,4.6,11.66,5.83,0,10.43,13.8,8.9,6.44,4.29,26.99,7.06,3.07,1.23,1.23,0,0,21.17,3.68,17.48,5.21,3.37,5.52,3.99,0,2.76,0,1.84,0.61,1.23,1.53,0.61,0.92,0,0,0,0,11.96,1.84,0.31,0,0,0,0.92,9.2,0.31,0,0,0,0,0,0,0,3.37,0,2.76,0.31,0.61,0,3.99,1.23,0,0,0,0,0,0,0.61,0,1.84,0,0,0.31,0.92,0,0,0,7.67,13.19,0,3.68,7.36,0,0.92,2.45,7.36,3.37,7.67,1.53,0,0,0,0,0,12.58,0,1.53,0.31,0,10.74,0,0
All Get Out,No Bouquet,Rose,266,4.13,99,72.58,30.46,266,7.52,95.86,82.33,61.65,23.68,16.54,1.5,1.13,11.28,0,1.88,7.14,11.65,5.64,0.38,11.65,12.03,9.77,6.77,4.51,23.68,9.02,5.26,4.89,2.26,1.5,1.13,17.29,9.02,8.27,0.75,0.75,1.13,3.01,0.38,3.01,0,9.77,4.14,3.38,4.14,0,1.88,0.75,0,0.75,0,23.68,5.26,1.88,0,0,2.26,1.13,18.8,0,0,0.75,0,0,0,0,0,1.88,0,1.88,0,0,0,1.5,0.38,0.38,0,0,0,0,0,0,0.75,0.38,2.26,0,0,0,0,0.38,0,11.28,11.65,0,2.26,8.65,1.5,0,0.38,6.39,4.14,9.02,3.01,0.75,0.75,0,0,0,13.16,0,4.14,0,0,8.27,0.75,0
All Get Out,No Bouquet,Self Repair,298,1,96.92,68.69,13.1,149,7.05,95.97,89.93,65.77,29.53,20.13,3.69,1.34,14.09,0,1.01,9.4,6.38,2.35,1.01,9.4,23.49,4.03,6.04,9.4,35.91,11.41,3.69,1.34,1.34,0,0,18.12,3.36,14.43,6.04,0.67,1.01,1.68,0,5.37,0,4.7,2.01,2.68,2.01,0.34,1.68,0,0.34,1.01,0,21.48,5.03,0.67,0,0.34,0.34,3.02,17.11,0,0,0,0,0,0,0,0,0.34,0,0.34,0,0,0,1.01,0.67,0.34,0,0,0,0,0,0,0,0.67,1.68,0,0,0.34,0,1.01,0,13.09,6.71,0.34,2.35,1.34,1.34,0,1.68,3.02,7.72,15.77,0.34,4.03,0.34,3.69,0,0,22.15,0,3.69,0.34,0,17.79,0.34,0
All Get Out,No Bouquet,Survive,318,1,1.14,99,16.64,63.6,10.06,94.97,79.25,63.21,31.13,23.27,17.3,0.94,5.03,0,0,7.86,12.26,2.52,0.94,8.81,18.24,10.06,3.77,4.09,24.53,14.78,5.97,1.57,1.26,0.31,0,18.55,3.77,14.78,1.26,2.52,1.57,5.35,0.63,4.4,0,3.46,1.57,1.89,1.26,0.31,0.94,0,0,0,0,8.81,2.52,0,0,0,0.31,1.57,6.29,0,0,0,0,0,0,0,0,2.2,0.63,0.94,0.63,0,0.31,8.81,0.94,0.63,0,0,0,0,0,4.72,0,0,0.63,0,0.31,0.31,0,0,0,14.15,8.81,0,0.94,5.66,1.26,0.63,0.31,4.4,2.83,15.41,0,0,0,0,0,0,16.35,0,0,1.26,0,14.78,0.31,0
All Get Out,No Bouquet,Trip,185,2.18,16.25,99,44.53,37,7.03,98.38,85.95,74.05,30.81,22.16,14.59,0,6.49,0,0,8.65,13.51,3.24,0,14.05,15.14,9.19,3.78,1.62,24.86,5.41,3.24,0,0,0,0,25.41,3.24,21.08,3.78,0.54,2.7,5.95,2.7,7.57,0,2.16,1.62,0,1.08,1.08,0,0,0,0,0.54,16.76,3.78,0,0,0,0,2.7,12.97,0,0,0,0.54,0,0,0,0,0.54,0,0,0.54,0,0,2.7,0,0,0,0,0,0,0,0.54,0.54,0,0.54,0,0,0,0,0,0,8.11,17.84,1.08,0.54,15.14,2.16,0,0,2.16,3.78,13.51,1.08,0,0,0,0,0,8.65,0,0,2.16,0,6.49,0,0
All Get Out,No Bouquet,Value,344,10.86,65.75,98.72,11.37,344,13.37,90.12,75,60.17,21.8,14.53,5.52,0.87,6.98,0.29,0.87,7.27,11.63,7.56,0,10.17,10.17,10.17,4.36,4.07,19.77,3.78,3.2,4.65,1.45,2.03,1.16,16.86,2.33,14.53,3.78,1.16,4.07,2.33,0,5.23,0,5.52,2.33,3.2,1.45,0,1.45,0,0,0.87,0,14.83,2.91,0.29,0,0.58,0.29,0.58,11.34,0,0,0,1.16,0.29,0.29,0,0,0.58,0,0.29,0.29,0,0,0.87,0,0,0,0,0,0,0,0.58,0.29,0,1.16,0,0,0,0,0.29,0,6.98,11.92,1.16,1.74,9.01,1.74,0,0.58,9.59,2.03,9.3,0.29,0,0,0,0,0,11.63,0,2.03,0,0,6.98,2.62,0
All Get Out,Nobody Likes A Quitter,ATX,598,1,1,99,14.71,199.33,4.85,97.49,91.3,71.91,26.25,21.74,14.55,2.17,4.85,0,0.17,4.52,8.36,2.34,0.33,10.7,23.41,4.18,2.01,13.04,41.81,1.84,4.52,3.18,2.34,0.67,0.17,30.1,8.03,22.07,13.21,1.17,5.35,0.84,0.33,1.51,0,1.17,0.33,0.84,0.67,0.33,0.33,0.17,0,0.17,0,9.36,1,0,0,0,0.17,0.33,7.53,0,0.17,0,0,0,0,0,0,1.17,0,1,0,0.17,0,0.5,0.17,0,0,0,0.17,0,0,0,0,0.5,0.17,0,0,0,0,0,0.17,22.91,8.36,0,2.01,7.02,0.17,0,0.84,2.01,2.17,18.56,0.33,0,0,0,0,0,32.61,0,8.7,0.33,0,13.88,9.7,0
All Get Out,Nobody Likes A Quitter,Chasing Skirt,296,8.75,3.79,98.42,29.32,296,5.07,97.64,83.45,65.88,24.66,19.93,11.82,0.68,7.43,0,0,4.73,13.51,6.42,0.34,11.82,11.49,5.07,3.38,8.11,25,4.05,5.41,1.01,0.68,0,0.34,24.66,1.69,22.97,2.03,4.39,5.07,3.72,1.69,9.46,0.34,2.7,1.69,1.01,0.68,0.68,0,0,0,0,0,13.85,2.7,0,0,0.34,0,0.34,11.15,0,0,0,2.03,0,0,0,0,0.68,0,0,0.34,0,0.34,2.36,0,0,0,0,0,0,0,0.68,0,3.04,0.34,0,0.34,0,0,0,0,7.77,11.82,0,3.04,7.09,1.01,0,1.01,1.69,5.74,8.78,0,0,0,0,0,0,19.59,0,3.04,0,0,9.8,6.76,0
All Get Out,Nobody Likes A Quitter,Empty Nest,291,29.37,28.7,94.23,1,291,12.03,91.41,74.91,50.17,16.84,9.97,4.12,0,5.84,0,0,6.87,20.96,4.81,0,9.28,9.62,1.37,6.19,3.78,24.4,11.34,10.31,1.72,0,1.72,0,20.62,7.9,12.71,3.78,2.75,0.69,0,0,5.84,0,6.19,0,5.84,1.72,0,1.72,0.34,1.37,0,0.34,8.25,2.06,0,0,0,0.34,1.37,6.19,0,0,0,0,0,0,0,0,2.75,0,0,1.37,0,1.37,4.81,0,0,0,0,0,0,1.37,0,0,0,1.37,2.06,0.69,0,0,0.34,0,7.22,11.68,0,2.75,4.47,2.41,0,0.69,6.53,4.81,9.62,2.06,0.34,0,0.34,0,0,11,0,1.72,0,0,6.53,2.75,0
All Get Out,Nobody Likes A Quitter,Get My Cut,360,3.96,9.74,89.39,50.02,180,2.5,96.67,85.56,63.33,27.5,18.61,11.94,0,6.39,0,0.28,8.89,14.44,2.5,0.28,11.11,8.06,6.94,5,5.83,23.06,3.06,4.17,2.22,0,2.22,0,21.94,7.78,14.17,4.44,1.94,1.94,2.22,2.5,4.17,0,3.89,2.5,0.56,1.94,1.67,0.28,0,0,0,0.83,12.22,2.78,0.28,0,0,0,1.39,9.44,0,0,0,2.22,0,0,0,0,1.39,0,0,0.28,0,1.11,3.33,0.28,0,0,0,0,0,0.28,0.83,0.28,0,6.11,0.28,0,0.28,0,0,0,11.67,6.11,0.28,1.67,2.78,0.56,0.28,0.56,1.94,1.11,6.94,2.22,4.44,0,0,4.44,0,9.44,0,2.5,0.28,0,6.67,0,0
All Get Out,Nobody Likes A Quitter,Home,258,9.18,1.12,99,30.82,16.13,9.69,92.25,79.84,62.4,25.19,15.89,13.95,0,1.94,0,0,9.3,11.63,5.04,1.55,10.85,12.02,8.14,2.33,2.33,25.19,3.49,3.88,1.94,0,1.16,1.16,19.38,3.49,15.89,7.36,1.94,3.88,0.78,0.78,1.55,0,3.88,2.33,1.55,0.78,0.39,0.39,0.39,0,0,0,4.65,2.33,0,0,0,0.78,1.16,2.33,0,0,0,0,0.39,0.39,0,0,1.16,0,0.39,0.78,0,0,2.33,0,0,0,0,0,0,0.39,0,1.55,0.78,0,0.39,0,0,0,0,0,14.34,10.08,1.16,1.94,5.43,1.94,0.78,0.78,4.65,1.94,6.59,1.55,1.55,0.39,0.39,0.78,0,14.34,0,1.55,5.81,0,3.88,3.1,0
All Get Out,Nobody Likes A Quitter,Now You Got It,631,35.24,39.14,79.51,1,57.36,11.89,91.44,67.83,50.87,16.8,11.73,5.07,1.9,3.49,0.32,0.95,5.07,11.89,5.86,0.16,12.04,10.62,4.28,3.8,3.96,19.33,6.66,2.85,3.33,2.06,0.79,0.63,10.46,1.58,8.87,1.9,1.11,2.22,1.27,0.32,2.85,0,8.56,2.06,6.34,3.33,0.95,2.38,0.95,0.63,0,0.79,11.09,3.65,0.32,0,0.63,0.48,1.58,7.13,0,0,0,0.48,0,0,0,0,2.38,0.32,0.32,0.32,0,1.58,2.54,0.48,0.16,0,0,0,0,0.16,0.48,0.32,0.32,1.11,0,0,0.16,0,0.32,0,7.61,15.53,0.32,2.22,10.78,0.95,0.32,1.9,2.38,3.49,7.61,1.58,12.04,0.95,0.16,0.63,10.46,36.45,0,13.47,1.58,0,6.97,14.42,0
All Get Out,Nobody Likes A Quitter,Room To Talk,277,13.6,3.82,99,24.85,23.08,8.66,94.95,85.92,64.62,25.27,15.88,12.27,0.72,2.53,0,0.36,9.39,11.19,5.05,0,13,13.36,3.97,3.97,2.53,28.88,4.69,5.05,3.25,1.44,1.08,0.72,20.58,5.05,15.16,7.94,1.08,1.81,1.81,0,3.25,0,3.97,2.17,1.81,1.08,0,1.08,0.72,0.36,0,0,6.86,2.17,0,0,0.36,0.36,0.36,4.69,0,0,0,0,0,0,0,0,3.61,0,0.36,0,2.53,0.72,1.08,0.36,0,0,0,0,0,0,0,0.72,0,2.17,0,0.72,0,0.36,0,1.08,12.64,10.83,0.36,1.44,7.58,1.08,0,1.08,3.25,4.69,6.5,0.72,0.36,0,0.36,0,0,11.19,0,2.53,4.33,0,3.97,0.36,0
All Get Out,Nobody Likes A Quitter,Sideways,285,1,7.13,98.02,16.25,142.5,8.07,96.49,79.65,64.56,31.23,22.11,13.68,0.7,7.37,0,0.35,9.12,14.74,4.91,4.91,5.96,15.79,5.26,3.51,8.42,29.12,2.11,5.96,2.11,1.4,0.7,0,18.6,3.16,15.44,5.26,1.4,3.86,2.46,0.7,3.86,0.35,5.26,2.46,2.81,2.81,1.4,1.05,1.05,0,0,0,16.14,4.56,0.35,0,0.35,1.05,2.46,9.82,0,0.35,0,0,0.7,0,0,0.7,1.75,0.35,0.7,0,0.7,0,4.91,0,0,0,0,0,0,0.7,0,1.4,0.35,1.75,0,0,0,0,0.35,0,11.23,11.93,0,1.05,7.72,2.46,0,0.35,1.75,1.75,14.04,2.11,0,0,0,0,0,28.07,0,11.58,0.35,0,14.04,2.11,0
All Get Out,Nobody Likes A Quitter,Wait List,173,1,85.42,78.91,5.75,173,13.29,93.64,83.24,65.9,27.17,20.81,8.67,0,12.14,0,0,6.36,10.4,4.05,0,8.67,10.4,14.45,3.47,4.62,26.59,1.16,4.05,0,0,0,0,17.34,7.51,9.83,2.89,0,4.05,2.31,0,2.89,0,4.05,1.16,2.89,2.89,0.58,2.31,0,0,1.73,0,17.92,5.2,1.16,0.58,0,0.58,1.73,12.72,0,0,0,0.58,0,0,0,0,2.31,0,0,0,0,2.31,2.31,1.16,0.58,0,0,0.58,0,0.58,0.58,1.16,1.16,1.16,1.73,0,0,0,0.58,0,17.34,6.36,0,1.16,3.47,0.58,0.58,1.16,7.51,5.78,8.67,2.89,0.58,0.58,0,0,0,10.4,0,2.89,0,0,7.51,0,0
All Get Out,Nobody Likes A Quitter,Whatever,150,1,99,13.33,39.67,150,12.67,96.67,86.67,66,40.67,24.67,9.33,0,15.33,0,0,16,12.67,2.67,0,6,6.67,8,4.67,3.33,24,4,2.67,4,0.67,3.33,0,21.33,3.33,18,2,2,10,0.67,1.33,2,0,4,2.67,1.33,0.67,0.67,0,0,0,0,0,18.67,2,0,0,0,0.67,1.33,16.67,0,0.67,0,0,0,0,0,0,2,0,0.67,0.67,0,0.67,0,0,0,0,0,0,0,0,0,4,6,1.33,0.67,0,0,0.67,0,0,12,4.67,0.67,0.67,3.33,0.67,0,0,4.67,6.67,5.33,2,0.67,0,0.67,0,0,12,0,5.33,0,0,5.33,1.33,0
All Get Out,The Season,Church Doors and Skeptics,136,72.12,94.84,91.64,99,68,5.88,91.18,71.32,51.47,25,19.85,9.56,4.41,5.88,0,0,5.15,14.71,8.82,1.47,12.5,1.47,0.74,2.94,0,12.5,7.35,3.68,5.15,5.15,0,0,22.79,0,22.79,14.71,0,6.62,7.35,0,0,0,10.29,10.29,0,7.35,7.35,0,0,0,0,0,14.71,2.94,0,0,0,1.47,0.74,11.76,0.74,0,0,0.74,0,0,0,0,2.94,0,0.74,1.47,0,0.74,3.68,0.74,0.74,0,0,0,0,0,0,0,6.62,0,0,0,0,0,0,0,1.47,6.62,0,0,4.41,0,0,2.21,3.68,1.47,1.47,7.35,0,0,0,0,0,8.09,0,3.68,0.74,0,1.47,2.21,0
All Get Out,The Season,Come and Gone,253,16.8,98.5,76.68,2.19,31.63,7.11,92.09,77.08,60.87,20.95,16.21,3.56,0,10.67,0,1.98,4.74,15.42,8.3,0,9.88,15.81,5.53,2.37,2.77,24.9,7.51,2.37,1.58,0,0,1.58,9.49,2.37,6.72,2.37,1.19,0.4,0.4,0.79,1.58,0,4.74,0.79,3.56,1.19,0.4,0.79,0,0,0,0.4,16.21,2.37,0.4,0,0,0.4,1.19,13.83,0,0,0,0.79,0,0,0,0,1.58,0,0,0.4,0.4,0.79,5.53,1.98,0,0,0,0,0,0.4,0.4,0,0,0.4,0.4,0,0.79,0,0.79,0.4,7.91,13.83,0,2.37,7.91,2.77,0.4,0.79,4.74,6.32,9.09,0.79,0.79,0,0.4,0.4,0,12.25,0,4.74,2.77,0,4.74,0,0
All Get Out,The Season,"Girl, Gun",203,6.12,95.31,57.85,20.23,203,6.4,97.54,82.76,60.59,27.59,22.17,7.88,0.99,9.36,2.96,0,5.42,13.3,2.96,1.97,10.84,11.33,5.91,3.94,1.97,25.62,7.88,4.93,1.97,1.97,0,0,13.79,1.97,11.82,3.94,0.99,3.94,3.94,0,1.97,0,9.85,3.94,3.94,2.96,1.97,0.99,0.99,0,0,1.97,22.17,5.91,0.99,0.99,0,0.99,1.97,16.26,0,0,1.97,2.96,0,0,0,0,0.99,0,0,0,0,0.99,2.96,0,0,0,0,0,0,0,0.99,0,0.99,1.48,0,0,0,0,0.99,0,7.88,8.87,0,2.96,4.93,0,0,0.99,4.43,7.39,10.84,0,0,0,0,0,0,6.9,0,0,0,0,6.9,0,0
All Get Out,The Season,Let Me Go,382,3.31,92.55,94.03,52.6,95.5,5.76,97.64,81.94,65.18,29.58,22.77,7.59,1.05,11.52,1.05,1.05,6.81,13.09,3.93,1.05,11.52,12.3,4.97,5.76,3.66,25.92,5.5,3.66,4.97,2.36,1.05,1.57,15.97,2.36,13.61,2.88,3.4,2.62,1.57,0.26,4.97,0,4.97,3.14,1.05,1.83,1.05,0.79,0.26,0,0.26,0.79,21.47,4.97,1.05,0,0,0.26,2.09,15.71,0.26,0,0,1.31,0.26,0,0,0.26,3.4,0.52,0.79,0,0.52,1.57,2.36,0.26,0.26,0,0,0,0,0,0.52,0,0.79,0.79,0,0.26,0,0,0,0,10.99,10.73,0,3.93,6.54,0.26,0.52,0.79,4.45,5.5,9.69,2.36,0,0,0,0,0,12.57,0,2.88,0.79,0,8.9,0,0
All Get Out,The Season,Lucky Bastard,283,24.18,2.88,99,53.04,283,8.83,94.35,66.08,49.82,26.86,22.26,18.73,0,1.06,2.47,0,4.59,16.96,3.18,0,9.19,5.3,2.47,3.18,0.35,16.61,6.01,4.59,3.18,1.41,1.41,0.35,13.43,1.41,11.31,4.24,2.12,4.24,0,0.71,2.12,0,5.65,3.18,1.06,2.12,1.41,0.71,0,0,0.71,1.41,17.67,3.18,0,0,0.35,0,1.41,10.6,3.18,0,3.89,2.47,0,0,0,0,5.3,0,4.59,0,0,0.71,1.06,0.35,0,0,0.35,0,0,0,0.71,0,4.24,1.77,0,0,0,0.35,0.35,0,7.77,12.72,0,3.18,8.83,0.35,0,3.53,5.65,3.53,3.89,1.77,1.77,1.06,0,0.71,0,12.72,1.06,4.59,0,0,4.24,2.83,0
All Get Out,The Season,Me and My Lovers,374,2.5,4.09,96.8,31.23,374,5.88,94.39,78.34,65.24,21.93,14.97,9.09,0,5.08,0.53,0.27,6.95,12.3,3.74,0,10.96,13.37,5.61,9.09,7.22,22.99,3.48,1.34,2.14,0.53,1.07,0.53,17.65,3.21,13.9,2.41,0.8,3.21,3.48,0.27,6.68,0,5.08,2.41,1.6,1.87,1.34,0.53,0,0.53,0,1.07,15.24,6.42,0,0,0.27,0.8,3.21,9.09,0,0.27,0,1.34,0,0,0,0,2.14,0.27,0,0.53,0,1.34,2.94,0.27,0,0,0,0,0,0.53,0,0.53,0.8,0,0,0,0,0,0.27,0,10.7,10.43,0,2.14,7.75,0.8,0.27,0.8,4.01,4.81,9.36,0.8,0.27,0,0.27,0,0,5.88,0,1.34,0,0,4.55,0,0
All Get Out,The Season,My Friends,309,11.08,64.89,99,91.73,154.5,6.47,98.71,82.52,61.49,23.62,18.12,9.06,0,6.47,0,1.29,5.5,7.12,1.29,0.97,14.56,8.74,3.88,10.68,1.62,28.8,2.91,1.94,2.59,1.62,0.97,0,11,0.32,10.68,4.21,0.97,2.91,1.62,1.29,1.94,0,8.74,6.8,1.62,4.53,2.91,1.62,0,0,1.62,0.32,18.45,7.12,0,0,0,0,4.21,10.68,0,1.62,0,0,0,0,0,0,3.88,1.29,0.65,0.32,0,1.62,4.53,0,0,0,0,0,0,0.97,0.97,0.65,2.59,0.32,0,0,0,0,0.32,0,17.15,18.45,0,5.18,12.3,0.32,1.29,0.32,1.94,0.65,5.83,3.24,0.32,0,0.32,0,0,12.62,0.97,5.83,0,0,4.85,0.97,0
All Get Out,The Season,Son of Mine,183,10.94,9.33,99,85.13,183,7.1,96.72,72.13,58.47,27.87,20.22,14.75,0,4.37,0,1.09,7.65,13.66,3.83,0,11.48,9.29,4.92,4.92,1.09,16.94,6.01,0.55,1.09,0.55,0.55,0,13.11,0.55,12.57,3.28,1.64,3.83,3.28,0,2.19,0,6.01,4.92,0.55,1.64,1.64,0,0,0,0,0.55,13.66,6.56,1.64,3.83,0.55,0,1.09,7.1,1.09,0,0.55,1.09,0,0,0,0,4.92,0,2.73,0,1.09,1.09,7.1,0,0,0,0,0,0,0,1.09,0.55,0,0,1.09,0,0,0,0,0,8.74,18.03,0,3.28,11.48,2.73,0,1.64,6.01,2.73,8.74,0.55,0,0,0,0,0,8.74,0,5.46,0,0,3.28,0,0
All Get Out,The Season,Subject to Change,188,1.86,76.11,99,9.87,47,9.04,96.81,82.45,68.09,32.45,24.47,13.3,1.06,9.04,1.06,0,7.98,13.83,5.85,1.06,7.98,9.57,12.23,3.19,0.53,20.74,3.72,5.32,3.72,1.6,0,2.13,18.09,5.32,12.77,4.26,2.66,1.6,2.13,1.06,1.6,0,4.26,1.6,2.66,1.6,1.06,0.53,0,0,0,0,15.96,4.26,0.53,0.53,1.6,0,0,11.7,0.53,0,0,1.6,0,0,0,0,0.53,0,0,0.53,0,0,1.6,0,0,0,0,0,0,0,1.6,0.53,1.06,0.53,0,0,0.53,0,0,0,14.36,12.77,0,3.72,7.45,1.06,0,1.06,10.11,5.32,9.57,1.6,0,0,0,0,0,9.57,0,3.72,2.13,0,3.72,0,0
All Get Out,The Season,The Season,426,12.21,1,99,20.23,21.3,10.56,94.84,69.25,51.88,24.41,15.02,13.15,0.7,0.94,0,0.23,9.39,14.32,5.4,0.23,7.98,9.86,4.46,1.41,5.16,22.3,3.52,2.82,2.82,1.64,0,1.17,12.44,0.7,11.74,3.99,0.47,3.99,2.35,0.47,2.58,0.23,7.51,3.76,3.76,3.05,1.41,1.64,0,1.17,0.23,0.7,5.87,2.82,0,0.47,0,0.7,0.47,2.82,0.47,0.23,0,0.47,0,0,0,0,2.35,0,0.23,0,0.94,1.17,6.81,0.23,0,0,0,0,0,0.23,0.47,0.23,2.35,0,1.88,0,0.23,0,0.23,0,10.09,20.89,0.23,6.34,13.15,1.41,0.23,3.05,3.76,4.93,8.69,2.82,3.76,2.82,0,0.94,0,26.29,0,13.15,0,4.69,8.45,0,0
Manchester Orchestra,A Black Mile To The Surface,"Lead, SD",340,25.38,33.4,91.22,13.87,85,11.18,90.88,76.76,63.24,22.65,16.18,9.41,0.88,3.82,1.76,0.29,6.47,15,6.47,1.47,15.88,13.24,6.47,3.24,2.06,22.94,5,2.65,3.82,2.06,1.47,0.29,10.29,1.76,8.53,2.06,0.59,2.06,0.59,0.59,2.65,0.29,3.82,1.47,2.06,1.47,0.59,0.59,0,0.29,0.29,0,9.41,1.76,0.29,0,0.29,0,0.88,8.24,0.88,0,1.18,1.18,0,0,0,0,1.76,0.29,0,0.29,0,1.18,2.65,0.29,0.29,0,0,0,0,0.59,0.59,0.29,0.29,0.88,0,0,0,0,0.59,0.59,7.06,12.65,0.88,1.18,8.82,2.06,1.47,0,5.29,4.71,9.41,2.65,0.59,0.59,0,0,0,12.35,0,5.29,0.88,0,6.18,0,0
Manchester Orchestra,A Black Mile To The Surface,The Alien,345,19.66,98.83,72.71,9.17,38.33,9.28,94.2,77.97,60.87,20.58,17.1,3.19,0,12.75,0.29,0.87,3.48,14.49,7.54,0.29,12.17,11.01,6.38,4.64,4.93,25.22,3.19,2.9,3.19,1.16,0,2.03,15.07,2.9,12.17,4.93,1.45,1.74,1.16,0,3.77,0,2.32,0.58,1.74,2.03,0.58,1.45,1.16,0,0,0,19.13,2.9,0,0,0.29,0.29,2.03,15.94,1.16,0,0.29,1.16,0,0,0,0,2.61,0.58,0,1.45,0,0.58,3.48,1.16,0.29,0,0,0.29,0,0.87,0,1.16,0,2.61,0,0.87,0,0,0,0.29,12.46,8.12,0,3.19,4.64,0.58,0.58,0.58,3.77,8.41,4.06,1.45,1.45,0.58,0,0.87,0,16.52,0,2.32,2.32,0,6.67,5.22,0
Manchester Orchestra,A Black Mile To The Surface,The Gold,239,4.23,98.1,95.02,20.23,119.5,7.95,94.98,81.17,66.11,29.71,25.94,10.04,2.51,13.39,0,0,3.77,17.57,4.18,0,10.46,9.62,5.86,4.18,4.6,18.41,7.95,5.02,4.6,2.51,2.09,0,11.3,0.42,10.88,2.93,0.42,2.93,4.18,1.67,2.09,0,6.69,2.51,2.51,3.35,2.09,0,0,0,0,0.42,19.25,2.51,0,0,0,0,0.42,16.74,0,0,0,0.84,0,0,0,0,2.09,0,0,0,0,2.09,5.86,1.67,0.84,0,0,0,0,1.26,0,0,1.26,0.42,0.84,0,0,0,2.09,0,7.53,12.13,0,0.84,8.37,2.51,0,0,5.86,3.77,6.28,1.67,2.09,1.67,0,0.42,0,10.88,0,2.09,0.42,0,7.53,0.84,0
Manchester Orchestra,A Black Mile To The Surface,The Grocery,284,26.1,50.55,80.64,35.17,94.67,7.39,94.72,79.58,60.56,21.13,14.44,6.69,0.35,5.99,0.7,0.7,6.69,13.03,7.75,0,13.73,9.86,6.34,5.99,3.17,25.35,2.11,0.7,1.06,1.06,0,0,20.42,3.52,15.49,4.58,0.35,6.34,1.76,0.7,3.52,0,2.46,1.76,0.7,1.06,1.06,0,0,0,0,0,9.86,1.06,0,0,0,0,0,8.8,1.06,0,0,1.76,0,0,0,0,1.06,0,0.7,0,0,0.35,2.82,0,0,0,0,0,0,0.35,0,0,4.23,1.06,0,0,0,0,0.35,2.82,11.62,20.42,0.35,3.17,11.27,4.23,0,2.82,0.7,3.87,7.75,0.7,0,0,0,0,0,10.56,0,3.52,0.7,0,4.58,1.76,0
Manchester Orchestra,A Black Mile To The Surface,The Maze,157,1.92,59,95.35,98.43,157,12.1,92.99,79.62,63.69,33.12,24.2,14.65,0.64,8.92,0,0,8.92,10.19,3.82,1.27,12.1,12.74,7.01,4.46,2.55,27.39,1.27,2.55,1.27,0.64,0.64,0,12.74,1.91,10.83,5.1,0.64,2.55,3.18,0,0.64,0,7.01,7.01,0,3.82,3.82,0,0,0,0,0,20.38,8.92,0,0,0,0,4.46,11.46,0,0,0,0,0,0,0,0,0,0,0,0,0,0,3.82,0,0,0,0,0,0,1.27,0.64,0,1.27,0.64,1.27,0,0,0,0,1.27,4.46,6.37,1.91,2.55,3.82,0.64,0.64,0,3.18,2.55,12.1,1.91,0.64,0,0,0.64,0,14.65,0,3.82,0,0,10.83,0,0
Manchester Orchestra,A Black Mile To The Surface,The Mistake,194,17.54,75.19,93.08,6.73,194,14.43,93.3,84.54,63.4,22.68,16.49,7.22,1.03,7.22,0.52,0.52,6.19,7.22,4.64,0.52,15.46,12.37,6.7,2.58,4.64,26.8,5.15,3.61,2.06,1.55,0.52,0,23.2,4.12,19.07,3.09,1.55,6.19,3.61,0,4.64,0,3.61,1.03,2.58,1.55,0.52,1.03,0,0,0,0,18.56,4.12,0.52,0,0,1.03,2.06,14.43,0.52,0,0,1.03,0.52,0,0,0.52,0.52,0,0.52,0,0,0,1.03,0,0,0,0,0,0,0,1.03,0.52,2.58,0.52,0.52,0,0,0,0,0,7.22,15.98,0.52,3.61,12.37,0.52,0,0.52,2.06,3.61,8.25,0.52,0.52,0.52,0,0,0,9.28,0,3.09,0,0,6.19,0,0
Manchester Orchestra,A Black Mile To The Surface,The Moth,195,59.67,91.46,95.87,20.23,195,9.23,93.85,78.97,62.05,20,14.87,5.13,0,7.18,2.56,0,5.13,13.85,10.26,0,17.44,9.23,8.72,2.05,1.03,22.56,4.1,3.08,3.59,0,0.51,3.08,14.87,1.54,13.33,2.05,3.59,3.08,0.51,1.54,3.08,0,1.03,0.51,0.51,0.51,0,0.51,0,0,0,0,15.9,2.05,0,0,1.54,0,0.51,12.82,0,0,0,4.1,0,0,0,0,0,0,0,0,0,0,2.56,0,0,0,0,0.51,0,0,0.51,0,2.56,3.08,0,0,0,0,0,0,9.74,24.1,0.51,2.56,18.46,1.54,1.03,1.03,2.05,4.62,6.15,1.54,1.03,1.03,0,0,0,10.77,0,2.56,0.51,0,6.67,1.03,0
Manchester Orchestra,A Black Mile To The Surface,The Parts,185,78.96,76.59,82.38,2.35,92.5,5.41,91.89,82.7,54.59,17.3,16.22,5.95,0,9.73,0,0,1.08,15.68,4.86,0.54,17.3,4.32,2.16,3.78,0.54,22.7,1.62,8.65,1.08,0,0.54,0.54,21.08,0,21.08,7.03,0,6.49,1.62,0,7.57,0,2.7,0,2.7,2.16,0,2.16,1.08,0.54,0.54,0,13.51,2.16,0,0,0,0,1.08,10.81,0,0,0,0.54,0,0,0,0,0.54,0,0,0.54,0,0,2.7,0,0,0,0,0,0,0.54,0,0,5.95,0,0,0,0,0,0,0.54,10.81,11.89,1.08,1.62,6.49,2.16,0.54,0.54,1.08,2.7,2.16,0.54,1.08,0,1.08,0,0,9.73,0,5.95,0.54,0,3.24,0,0
Manchester Orchestra,A Black Mile To The Surface,The Silence,345,2.46,60.74,99,20.23,69,13.33,93.91,82.03,67.25,24.64,20.29,10.43,0,9.86,0,0,4.35,11.3,4.06,0.58,10.14,13.04,9.57,4.93,4.64,25.22,5.22,2.61,1.45,0.58,0.29,0.58,17.68,3.77,13.33,4.64,2.03,2.9,0.87,0.87,2.9,0.29,5.22,2.32,2.32,2.32,0.58,1.16,0,0,0.29,0,12.75,1.16,0,0,0,0.29,0.29,11.59,0.87,0.29,0.29,0.29,0,0,0,0,0.87,0,0,0.87,0,0,1.45,0.58,0.58,0,0,0,0,0,0.29,1.74,0.58,1.45,0,0,0,0,0.29,1.74,8.7,17.97,0.87,1.16,12.75,2.9,0.87,0.29,2.03,6.67,7.83,0.58,0.29,0.29,0,0,0,11.88,0,4.06,1.16,0,3.19,3.48,0
Manchester Orchestra,A Black Mile To The Surface,The Sunshine,104,1,4.48,92.26,65.7,104,25,96.15,90.38,77.88,29.81,21.15,13.46,0,7.69,0,0,8.65,12.5,3.85,0,7.69,20.19,23.08,4.81,6.73,26.92,18.27,0,0,0,0,0,17.31,0,17.31,5.77,0,0.96,8.65,5.77,5.77,0,2.88,2.88,0,0,0,0,0,0,0,0,9.62,2.88,2.88,0,0,0,0,8.65,0,0,0,0,0,0,0,0,0,0,0,0,0,0,0,0,0,0,0,0,0,0,0,0,0.96,0,1.92,0,0,0,0,0,3.85,0,0,0,0,0,0,0,1.92,1.92,20.19,0,25,0,18.27,6.73,0,32.69,0,6.73,0,0,18.27,7.69,0
Manchester Orchestra,A Black Mile To The Surface,The Wolf,400,33.31,77.79,74.51,8.55,57.14,11,92,76,62.5,19,12.75,4.25,2,6,0,0.5,6.25,16,8.75,0.5,14.25,10,7.5,4.75,4,21.25,1.75,3.75,5.25,2,2,2,14.5,2.5,12,2.75,1,3,2,1,2.25,0,3.75,1.25,2.5,1.5,0.5,1,0,0.25,0.25,0,13.25,3.75,0,0,0,1,2.25,9.25,0,0,0.25,0,0.25,0,0,0.25,2,0.25,0.25,0.5,0.5,0.5,3.25,0.5,0.25,0,0.25,0,0,0.5,0.5,0.25,0.75,0.5,0,0.25,0,0,1,0.5,7.25,15,1,3,8.75,2.5,0.5,0.5,3.75,5.5,5.25,2.75,0.5,0.5,0,0,0,14.5,0.75,3.25,1.25,0,5.5,3.75,0
Manchester Orchestra,Cope (Deluxe Version),After The Scripture,163,28.82,68.7,94.62,1.65,163,9.82,88.96,69.94,57.06,22.7,15.34,6.75,4.29,3.68,0.61,0,7.36,16.56,9.82,0,9.82,6.13,5.52,4.91,4.29,16.56,2.45,0.61,6.13,4.91,0.61,0.61,11.66,1.23,10.43,2.45,0.61,4.29,0.61,0,3.68,0.61,7.36,1.23,4.29,4.91,0.61,2.45,0,0,0,0,12.88,1.84,0,0,0,0.61,0.61,11.66,0.61,0,1.84,0,0,0,0,0,4.29,0.61,0.61,1.23,0,1.84,4.91,2.45,1.84,0,0,0,0,0,0.61,0,1.84,1.23,0,0,0.61,0,2.45,0,4.91,18.4,0,3.68,9.82,2.45,0,3.07,5.52,7.36,4.29,3.68,0,0,0,0,0,7.36,0,0,0,0,7.36,0,0
Manchester Orchestra,Cope (Deluxe Version),All That I Really Wanted,207,5.89,37.29,77.17,33.75,207,3.86,97.58,87.44,71.98,28.5,16.91,10.14,0.48,6.28,0,0,11.59,17.39,3.38,0,13.53,13.04,7.73,2.42,2.42,27.54,0.97,7.73,0.97,0.48,0,0.48,24.15,9.18,14.98,2.42,2.42,3.86,0,3.38,0.97,0,3.38,1.93,0.97,0,0,0,0,0,0,0.48,7.73,0.97,0,0,0.97,0,0,6.76,0,0,0,0,0,0,0,0,0.97,0,0,0,0.97,0,1.93,0,0,0,0,0.48,0,0.97,0,0.97,2.9,0,0,0,0,0,0.48,0,8.7,9.66,0,2.9,4.83,0.48,0,0.48,4.83,9.18,5.31,1.45,0,0,0,0,0,3.86,0,0.48,0,0,3.38,0,0
Manchester Orchestra,Cope (Deluxe Version),Choose You,193,4.57,28.65,97.01,6.69,193,7.77,92.23,79.27,68.39,26.94,23.83,12.44,0.52,9.33,1.04,0,3.11,12.95,9.33,0,10.88,13.99,2.07,4.66,11.4,23.32,1.04,1.04,5.18,0.52,3.63,1.04,11.92,1.04,9.84,6.22,0.52,0,0,0.52,2.07,0,2.59,0.52,2.07,0.52,0,0.52,0,0,0.52,0,17.1,3.11,0,0,0,0,1.55,13.99,0,0,0,3.63,1.55,0,0.52,1.04,2.07,0,0.52,0,0.52,1.04,0,0,0,0,0,0,0,0,0,0.52,0,0,0.52,0,0,0,0,2.59,8.29,8.29,0,1.55,5.7,0.52,0,0,1.55,6.22,8.81,3.63,0,0,0,0,0,18.13,0,7.77,0,0,10.36,0,0
Manchester Orchestra,Cope (Deluxe Version),Cope,165,8.65,14.16,99,28.32,82.5,8.48,96.97,84.24,64.85,24.24,13.94,9.09,2.42,1.82,0,0.61,10.3,14.55,5.45,1.21,11.52,9.7,7.88,7.27,2.42,26.67,2.42,3.64,2.42,2.42,0,0,18.18,4.24,13.94,3.03,1.21,3.64,4.24,0.61,3.03,0.61,4.24,2.42,1.82,3.03,2.42,0.61,0,0,0.61,0,6.06,1.21,0.61,0,0.61,0,0,4.85,0,0,0,0,0,0,0,0,1.21,0,0.61,0,0.61,0,1.21,0.61,0,0,0.61,0,0,0,0,0,3.03,0,0.61,0,0,0,0.61,0,10.3,19.39,1.82,5.45,15.76,3.03,0,0,5.45,2.42,8.48,3.64,0,0,0,0,0,7.27,1.82,1.82,0,0,3.64,0,0
Manchester Orchestra,Cope (Deluxe Version),Every Stone,141,5.56,44.25,99,53.17,141,4.26,94.33,87.94,68.09,24.11,11.35,4.26,0.71,5.67,0,0,12.77,7.8,3.55,0,18.44,19.86,5.67,4.26,5.67,39.72,0,2.84,1.42,0.71,0,0.71,19.86,6.38,13.48,2.13,2.13,2.13,4.96,0,4.26,0,2.13,2.13,0,0,0,0,0,0,0,0,12.77,3.55,0.71,0.71,0,0,1.42,8.51,0,0,0,0,0,0,0,0,1.42,0,0,0.71,0.71,0,0,0,0,0,0,0,0,0,0,0,1.42,0,0,0,0,0,0,0.71,2.84,28.37,0,12.06,16.31,0,0,0,3.55,15.6,15.6,1.42,0,0,0,0,0,21.99,0,7.8,0,0,14.18,0,0
Manchester Orchestra,Cope (Deluxe Version),Girl Harbor,237,4,18.76,91.65,20.23,237,8.86,97.89,83.97,64.98,26.58,21.52,13.08,0,7.59,0.42,0.42,5.06,10.55,4.22,0,11.39,8.86,7.59,6.75,5.49,24.89,5.06,3.38,1.69,1.27,0.42,0,23.63,2.53,20.25,7.17,1.27,5.49,1.27,0.84,3.38,0,1.69,0.84,0.84,0.84,0,0.84,0.42,0,0,0,16.88,6.33,0.84,0,0,0,5.06,10.13,0,0.42,0.42,0.42,0,0,0,0,0.84,0,0,0,0.42,0.42,0,0,0,0,0,0,0,0,0,1.69,2.95,0,0.42,0,0,0,0,1.69,10.97,7.59,0.42,0.84,4.22,0.84,0.84,0.42,2.95,1.27,8.44,0,0,0,0,0,0,6.33,0,1.27,0,0,5.06,0,0
Manchester Orchestra,Cope (Deluxe Version),Indentions,88,14.21,1.08,99,NA,29.33,19.32,90.91,72.73,55.68,22.73,15.91,12.5,0,2.27,0,1.14,6.82,7.95,4.55,0,10.23,11.36,3.41,0,7.95,25,2.27,4.55,3.41,0,1.14,2.27,18.18,3.41,14.77,4.55,5.68,1.14,3.41,1.14,0,0,0,0,0,0,0,0,0,0,0,0,5.68,1.14,0,0,0,0,1.14,4.55,0,0,0,0,0,0,0,0,3.41,0,0,0,0,3.41,0,0,0,0,0,0,0,0,0,0,0,0,0,0,0,0,0,0,3.41,13.64,1.14,5.68,5.68,2.27,0,0,5.68,4.55,4.55,6.82,0,0,0,0,0,18.18,3.41,0,1.14,0,9.09,4.55,0
Manchester Orchestra,Cope (Deluxe Version),Never Really Been Another Way Out,194,1,61.5,99,14.58,64.67,2.58,97.42,85.57,69.59,21.65,15.98,5.67,0,9.79,0,0.52,5.67,18.04,6.19,0.52,10.31,13.92,14.95,6.19,7.22,26.29,3.09,3.09,2.06,0.52,1.03,0.52,23.2,6.19,15.98,4.64,1.55,2.06,1.55,2.06,4.64,0,1.55,0.52,1.03,0,0,0,0,0,0,0,16.49,3.09,0,0,0,0.52,0.52,11.34,0,0,0,0.52,0,0,0,0,2.58,0.52,2.06,0,0,0,1.55,0,0,0,0,0,0,0,1.03,0,0,0,0,0,0,0,0,1.55,12.89,18.04,0,3.61,11.86,0,1.55,1.55,6.7,3.09,13.4,2.58,0.52,0,0,0.52,0,15.46,0.52,4.64,0.52,0,8.76,1.03,0
Manchester Orchestra,Cope (Deluxe Version),See It Again,261,5.28,1,99,15.91,261,6.51,96.17,82.76,64.75,17.24,9.58,7.66,1.15,0.77,0,0,7.66,13.03,4.21,0,16.48,10.34,14.94,4.98,11.11,29.89,3.83,2.3,1.92,1.15,0.38,0.38,24.52,9.2,15.33,5.75,1.15,1.53,3.07,1.53,5.75,0,0.38,0,0.38,0,0,0,0,0,0,0,6.51,3.83,0,0,0.38,0,2.68,2.68,0,0,0,0,0.38,0,0,0.38,1.53,0,0.77,0,0.77,0,3.07,0,0,0,0,0,0,0,0.38,0.77,0,0.77,0,0,0,0.38,0.38,0,15.71,10.73,0.38,1.15,3.83,4.6,0,1.15,9.96,5.36,5.75,8.05,0,0,0,0,0,9.58,0,0.38,0,0,9.2,0,0
Manchester Orchestra,Cope (Deluxe Version),The Mansion,173,5.58,53.87,81.8,3.43,173,8.09,94.8,76.88,60.69,27.75,17.92,8.09,2.31,3.47,2.89,0.58,9.83,16.18,8.09,0,6.94,8.67,6.36,4.62,5.2,20.23,4.05,1.73,3.47,2.89,0,0.58,20.81,4.62,16.18,5.78,2.31,2.31,3.47,1.73,4.05,1.73,2.31,0,2.31,0,0,0,0,0,0,0,19.65,5.78,0.58,0.58,0,1.73,2.89,13.87,0.58,0,0.58,5.2,0,0,0,0,1.16,0,0,0,0,1.16,1.73,0,0,0,0,0,0,0,0.58,0,0.58,0.58,0,0,0,0,0,0,6.94,10.4,0,1.16,6.36,2.31,0,0,2.89,8.09,5.78,1.16,0.58,0,0,0.58,0,8.67,0,1.73,0,0,5.78,1.16,0
Manchester Orchestra,Cope (Deluxe Version),The Ocean,115,17.87,14.97,94.54,61.25,57.5,4.35,93.04,78.26,62.61,25.22,13.04,8.7,0.87,3.48,0,0,12.17,20.87,9.57,1.74,12.17,10.43,7.83,2.61,4.35,24.35,2.61,2.61,2.61,0.87,0.87,0.87,9.57,3.48,6.09,3.48,1.74,0.87,0.87,0,0.87,0,5.22,3.48,0.87,1.74,1.74,0,0,0,0,0.87,11.3,6.09,0,0,0,0,2.61,5.22,0,0,0,0,0,0,0,0,5.22,0,0.87,2.61,0,1.74,4.35,0.87,0,0,0,0,0,0,2.61,0,0.87,0,0,0,0,0,0,0,11.3,9.57,0,2.61,6.96,0,0,0.87,5.22,1.74,13.04,3.48,0,0,0,0,0,16.52,0,6.96,0.87,0,8.7,0,0
Manchester Orchestra,Cope (Deluxe Version),Top Notch,184,9.71,49.76,74.45,6.28,92,8.7,94.02,78.26,64.67,22.83,8.7,2.72,2.17,1.63,1.09,1.09,14.13,19.57,4.35,2.17,12.5,8.15,7.07,8.15,4.35,20.65,1.09,7.07,4.35,2.72,1.63,0,22.83,9.24,13.59,5.98,3.26,1.63,1.63,1.09,2.72,0,1.63,0,1.63,0.54,0,0.54,0,0,0,0,9.78,2.17,0,0,0,0.54,1.09,7.61,0.54,0,0,1.63,0,0,0,0,1.63,0,0.54,0,0,1.09,2.72,1.09,0.54,0,0,0,0,0,0.54,0,0,1.09,0,0,0,0,0,1.63,5.43,12.5,1.63,1.09,8.15,2.17,1.09,0,3.8,3.26,7.07,1.09,0,0,0,0,0,5.98,0,0,0,0.54,4.35,1.09,0
Manchester Orchestra,Cope (Deluxe Version),Trees,257,31.39,58.59,29.64,4.78,257,8.56,99.22,89.88,54.47,23.74,21.79,12.06,0,9.34,0,0.39,1.95,3.89,0.78,0,15.95,3.11,5.45,5.84,1.56,29.96,3.5,3.5,1.17,0,0.78,0.39,22.57,0,22.57,5.84,1.56,12.84,0.39,0,2.33,0,3.5,0.78,2.72,1.95,0.78,1.17,0,0.39,0,0,12.45,2.72,0,0,0,0,2.33,9.73,0,0,0,0,0,0,0,0,0.39,0,0,0,0.39,0,5.84,0.39,0,0,0.39,0,0,0,0,0.78,11.67,1.17,1.17,0,0,0,0.39,0,7.39,7.78,0,2.72,1.95,0.39,0,2.72,3.11,13.23,5.06,2.72,7,0.78,1.56,4.67,0,8.17,0,5.06,0,0,2.33,0.78,0
Manchester Orchestra,Fourteen Years Of Excellence,Anne Louise,130,33.15,53.84,68.46,56.22,130,12.31,89.23,72.31,56.15,24.62,16.92,9.23,0.77,5.38,0,1.54,7.69,15.38,6.15,0.77,13.08,9.23,1.54,5.38,0.77,23.85,2.31,2.31,3.85,0.77,1.54,1.54,11.54,0.77,10.77,3.85,0.77,3.85,3.08,0,0.77,1.54,7.69,4.62,2.31,2.31,2.31,0,0,0,0,0.77,11.54,3.85,0,0,0.77,0,0.77,7.69,0,0,0,0,0,0,0,0,10.77,0,0.77,0.77,3.85,5.38,3.08,0,0,0,0,0,0,0,1.54,0.77,2.31,0,0,0,0,0,0,0,3.85,10,1.54,1.54,6.92,1.54,0,0.77,2.31,8.46,0.77,5.38,0,0,0,0,0,12.31,0,0,0,0,6.92,5.38,0
Manchester Orchestra,Fourteen Years Of Excellence,Do You Really Like Being Alone,387,4.46,60.05,72.69,38.99,387,4.91,93.28,78.29,64.08,22.22,19.38,9.82,1.81,5.94,0.78,1.03,2.84,11.63,4.39,0.26,9.82,12.66,9.82,6.2,2.33,23,6.72,1.81,4.13,2.84,0.52,0.78,16.02,1.55,14.47,3.1,1.29,2.33,3.36,5.17,2.58,0,5.68,3.1,1.81,1.81,1.29,0.26,0,0,0,0.52,17.83,4.13,0.26,0,0.26,1.03,1.81,10.85,0.78,0,0.52,0.78,0,0,0,0,5.17,0.52,1.29,0.78,0.78,1.81,1.81,0.26,0,0,0,0,0,0,0.26,0.26,0.26,1.55,0,0.26,0,0,0,0.26,9.04,7.75,0.52,1.29,4.91,0.52,0.26,0.78,2.84,4.91,1.81,2.07,0.78,0,0.52,0.26,0,5.68,0,1.29,0,0,4.39,0,0
Manchester Orchestra,Fourteen Years Of Excellence,It's Okay With Me,294,1,1.28,99,29.39,294,4.76,97.62,90.14,69.39,32.65,23.81,16.67,0,6.12,0,0.34,8.84,7.14,3.74,0.34,12.93,16.33,6.8,8.16,4.08,27.55,7.48,0.34,0.68,0,0.68,0.34,16.33,0.68,15.65,4.08,2.04,3.06,1.36,0,5.78,0,0.68,0.68,0,0,0,0,0,0,0,0,8.16,0.68,0,0,0,0,0.68,7.14,0,0,0,0.34,0,0,0,0,0.68,0,0.34,0,0,0.34,0,0,0,0,0,0,0,0,0,2.04,0,0.68,1.7,0,0,0,0,0,17.01,8.84,0,2.04,6.8,0.68,0,0,2.72,2.04,14.97,1.02,9.18,0,9.18,0,0,17.69,2.04,3.06,0,0,12.59,0,0
Manchester Orchestra,Fourteen Years Of Excellence,Shake It Out (Alternate Version),213,3.58,6.39,90.52,2.07,42.6,8.92,97.18,85.92,68.54,26.29,17.37,12.21,0.47,4.69,0,0,8.92,12.68,4.69,0.94,10.8,16.9,5.16,3.29,4.23,30.52,6.57,5.63,2.82,1.41,0,1.41,17.37,3.76,13.62,3.29,1.88,5.16,0,0,3.29,0,4.69,0.94,3.76,1.88,0,1.88,0,0,0,0,10.33,2.35,0,0,0,0.47,0.47,6.1,0.94,0,0,0.94,0,0,0,0,2.35,0,0.94,0,0,1.41,5.16,1.88,0,0,0,0,0,0,1.88,1.88,0.47,0,0,0,1.88,0,0,0,12.68,12.21,0,0.94,6.57,2.82,0.47,2.35,4.23,7.04,11.27,0.94,0.47,0,0,0,0.47,23,1.41,8.45,1.88,0,6.57,4.69,0
Manchester Orchestra,HOPE,All That I Really Wanted,207,5.89,37.29,77.17,33.75,207,3.86,97.58,87.44,71.98,28.5,16.91,10.14,0.48,6.28,0,0,11.59,17.39,3.38,0,13.53,13.04,7.73,2.42,2.42,27.54,0.97,7.73,0.97,0.48,0,0.48,24.15,9.18,14.98,2.42,2.42,3.86,0,3.38,0.97,0,3.38,1.93,0.97,0,0,0,0,0,0,0.48,7.73,0.97,0,0,0.97,0,0,6.76,0,0,0,0,0,0,0,0,0.97,0,0,0,0.97,0,1.93,0,0,0,0,0.48,0,0.97,0,0.97,2.9,0,0,0,0,0,0.48,0,8.7,9.66,0,2.9,4.83,0.48,0,0.48,4.83,9.18,5.31,1.45,0,0,0,0,0,3.86,0,0.48,0,0,3.38,0,0
Manchester Orchestra,HOPE,Choose You,193,4.57,28.65,97.01,6.69,193,7.77,92.23,79.27,68.39,26.94,23.83,12.44,0.52,9.33,1.04,0,3.11,12.95,9.33,0,10.88,13.99,2.07,4.66,11.4,23.32,1.04,1.04,5.18,0.52,3.63,1.04,11.92,1.04,9.84,6.22,0.52,0,0,0.52,2.07,0,2.59,0.52,2.07,0.52,0,0.52,0,0,0.52,0,17.1,3.11,0,0,0,0,1.55,13.99,0,0,0,3.63,1.55,0,0.52,1.04,2.07,0,0.52,0,0.52,1.04,0,0,0,0,0,0,0,0,0,0.52,0,0,0.52,0,0,0,0,2.59,8.29,8.29,0,1.55,5.7,0.52,0,0,1.55,6.22,8.81,3.63,0,0,0,0,0,18.13,0,7.77,0,0,10.36,0,0
Manchester Orchestra,HOPE,Cope,165,8.65,14.16,99,28.32,82.5,8.48,96.97,84.24,64.85,24.24,13.94,9.09,2.42,1.82,0,0.61,10.3,14.55,5.45,1.21,11.52,9.7,7.88,7.27,2.42,26.67,2.42,3.64,2.42,2.42,0,0,18.18,4.24,13.94,3.03,1.21,3.64,4.24,0.61,3.03,0.61,4.24,2.42,1.82,3.03,2.42,0.61,0,0,0.61,0,6.06,1.21,0.61,0,0.61,0,0,4.85,0,0,0,0,0,0,0,0,1.21,0,0.61,0,0.61,0,1.21,0.61,0,0,0.61,0,0,0,0,0,3.03,0,0.61,0,0,0,0.61,0,10.3,19.39,1.82,5.45,15.76,3.03,0,0,5.45,2.42,8.48,3.64,0,0,0,0,0,7.27,1.82,1.82,0,0,3.64,0,0
Manchester Orchestra,HOPE,Every Stone,141,5.56,44.25,99,53.17,141,4.26,94.33,87.94,68.09,24.11,11.35,4.26,0.71,5.67,0,0,12.77,7.8,3.55,0,18.44,19.86,5.67,4.26,5.67,39.72,0,2.84,1.42,0.71,0,0.71,19.86,6.38,13.48,2.13,2.13,2.13,4.96,0,4.26,0,2.13,2.13,0,0,0,0,0,0,0,0,12.77,3.55,0.71,0.71,0,0,1.42,8.51,0,0,0,0,0,0,0,0,1.42,0,0,0.71,0.71,0,0,0,0,0,0,0,0,0,0,0,1.42,0,0,0,0,0,0,0.71,2.84,28.37,0,12.06,16.31,0,0,0,3.55,15.6,15.6,1.42,0,0,0,0,0,21.99,0,7.8,0,0,14.18,0,0
Manchester Orchestra,HOPE,Girl Harbor,237,4,18.76,91.65,20.23,237,8.86,97.89,83.97,64.98,26.58,21.52,13.08,0,7.59,0.42,0.42,5.06,10.55,4.22,0,11.39,8.86,7.59,6.75,5.49,24.89,5.06,3.38,1.69,1.27,0.42,0,23.63,2.53,20.25,7.17,1.27,5.49,1.27,0.84,3.38,0,1.69,0.84,0.84,0.84,0,0.84,0.42,0,0,0,16.88,6.33,0.84,0,0,0,5.06,10.13,0,0.42,0.42,0.42,0,0,0,0,0.84,0,0,0,0.42,0.42,0,0,0,0,0,0,0,0,0,1.69,2.95,0,0.42,0,0,0,0,1.69,10.97,7.59,0.42,0.84,4.22,0.84,0.84,0.42,2.95,1.27,8.44,0,0,0,0,0,0,6.33,0,1.27,0,0,5.06,0,0
Manchester Orchestra,HOPE,Indentions,88,14.21,1.08,99,NA,29.33,19.32,90.91,72.73,55.68,22.73,15.91,12.5,0,2.27,0,1.14,6.82,7.95,4.55,0,10.23,11.36,3.41,0,7.95,25,2.27,4.55,3.41,0,1.14,2.27,18.18,3.41,14.77,4.55,5.68,1.14,3.41,1.14,0,0,0,0,0,0,0,0,0,0,0,0,5.68,1.14,0,0,0,0,1.14,4.55,0,0,0,0,0,0,0,0,3.41,0,0,0,0,3.41,0,0,0,0,0,0,0,0,0,0,0,0,0,0,0,0,0,0,3.41,13.64,1.14,5.68,5.68,2.27,0,0,5.68,4.55,4.55,6.82,0,0,0,0,0,18.18,3.41,0,1.14,0,9.09,4.55,0
Manchester Orchestra,HOPE,See It Again,261,5.28,1,99,15.91,261,6.51,96.17,82.76,64.75,17.24,9.58,7.66,1.15,0.77,0,0,7.66,13.03,4.21,0,16.48,10.34,14.94,4.98,11.11,29.89,3.83,2.3,1.92,1.15,0.38,0.38,24.52,9.2,15.33,5.75,1.15,1.53,3.07,1.53,5.75,0,0.38,0,0.38,0,0,0,0,0,0,0,6.51,3.83,0,0,0.38,0,2.68,2.68,0,0,0,0,0.38,0,0,0.38,1.53,0,0.77,0,0.77,0,3.07,0,0,0,0,0,0,0,0.38,0.77,0,0.77,0,0,0,0.38,0.38,0,15.71,10.73,0.38,1.15,3.83,4.6,0,1.15,9.96,5.36,5.75,8.05,0,0,0,0,0,9.58,0,0.38,0,0,9.2,0,0
Manchester Orchestra,HOPE,The Mansion,173,5.58,53.87,81.8,3.43,173,8.09,94.8,76.88,60.69,27.75,17.92,8.09,2.31,3.47,2.89,0.58,9.83,16.18,8.09,0,6.94,8.67,6.36,4.62,5.2,20.23,4.05,1.73,3.47,2.89,0,0.58,20.81,4.62,16.18,5.78,2.31,2.31,3.47,1.73,4.05,1.73,2.31,0,2.31,0,0,0,0,0,0,0,19.65,5.78,0.58,0.58,0,1.73,2.89,13.87,0.58,0,0.58,5.2,0,0,0,0,1.16,0,0,0,0,1.16,1.73,0,0,0,0,0,0,0,0.58,0,0.58,0.58,0,0,0,0,0,0,6.94,10.4,0,1.16,6.36,2.31,0,0,2.89,8.09,5.78,1.16,0.58,0,0,0.58,0,8.67,0,1.73,0,0,5.78,1.16,0
Manchester Orchestra,HOPE,The Ocean,115,17.87,14.97,94.54,61.25,57.5,4.35,93.04,78.26,62.61,25.22,13.04,8.7,0.87,3.48,0,0,12.17,20.87,9.57,1.74,12.17,10.43,7.83,2.61,4.35,24.35,2.61,2.61,2.61,0.87,0.87,0.87,9.57,3.48,6.09,3.48,1.74,0.87,0.87,0,0.87,0,5.22,3.48,0.87,1.74,1.74,0,0,0,0,0.87,11.3,6.09,0,0,0,0,2.61,5.22,0,0,0,0,0,0,0,0,5.22,0,0.87,2.61,0,1.74,4.35,0.87,0,0,0,0,0,0,2.61,0,0.87,0,0,0,0,0,0,0,11.3,9.57,0,2.61,6.96,0,0,0.87,5.22,1.74,13.04,3.48,0,0,0,0,0,16.52,0,6.96,0.87,0,8.7,0,0
Manchester Orchestra,HOPE,Top Notch,184,9.71,49.76,74.45,6.28,92,8.7,94.02,78.26,64.67,22.83,8.7,2.72,2.17,1.63,1.09,1.09,14.13,19.57,4.35,2.17,12.5,8.15,7.07,8.15,4.35,20.65,1.09,7.07,4.35,2.72,1.63,0,22.83,9.24,13.59,5.98,3.26,1.63,1.63,1.09,2.72,0,1.63,0,1.63,0.54,0,0.54,0,0,0,0,9.78,2.17,0,0,0,0.54,1.09,7.61,0.54,0,0,1.63,0,0,0,0,1.63,0,0.54,0,0,1.09,2.72,1.09,0.54,0,0,0,0,0,0.54,0,0,1.09,0,0,0,0,0,1.63,5.43,12.5,1.63,1.09,8.15,2.17,1.09,0,3.8,3.26,7.07,1.09,0,0,0,0,0,5.98,0,0,0,0.54,4.35,1.09,0
Manchester Orchestra,HOPE,Trees,257,31.39,58.59,29.64,4.78,257,8.56,99.22,89.88,54.47,23.74,21.79,12.06,0,9.34,0,0.39,1.95,3.89,0.78,0,15.95,3.11,5.45,5.84,1.56,29.96,3.5,3.5,1.17,0,0.78,0.39,22.57,0,22.57,5.84,1.56,12.84,0.39,0,2.33,0,3.5,0.78,2.72,1.95,0.78,1.17,0,0.39,0,0,12.45,2.72,0,0,0,0,2.33,9.73,0,0,0,0,0,0,0,0,0.39,0,0,0,0.39,0,5.84,0.39,0,0,0.39,0,0,0,0,0.78,11.67,1.17,1.17,0,0,0,0.39,0,7.39,7.78,0,2.72,1.95,0.39,0,2.72,3.11,13.23,5.06,2.72,7,0.78,1.56,4.67,0,8.17,0,5.06,0,0,2.33,0.78,0
Manchester Orchestra,I'm Like a Virgin Losing a Child,Alice and Interiors,240,1,71.38,71.5,15.56,24,5,96.67,88.75,67.5,26.25,20.42,10,1.25,9.17,0,0,5.83,14.17,6.67,0,7.08,20.83,7.92,4.58,3.75,30.42,8.75,1.25,3.33,1.67,1.67,0,14.58,6.67,7.92,1.67,1.67,1.67,1.25,0.42,2.08,0,7.92,3.33,3.75,2.08,0.83,1.25,0,0,0,0.83,17.92,6.25,1.25,0.42,0,2.5,1.67,11.67,0,0,0.42,0.83,0.42,0,0,0.42,2.08,1.25,0,0,0,0.83,1.67,0.42,0,0,0,0,0,0,0.83,1.25,0,0.42,0,0,0.42,0,0,0.83,6.25,8.33,0.83,1.25,2.5,0.83,2.92,1.67,5.42,4.58,11.25,2.5,2.92,0.83,1.67,0.42,0,15.42,2.92,2.08,0.83,0,9.58,0,0
Manchester Orchestra,I'm Like a Virgin Losing a Child,Colly Strings,318,15.63,65.98,50.86,43.68,159,12.58,88.36,74.21,59.75,22.96,16.35,6.92,1.89,7.23,0.31,0,6.6,16.04,6.6,1.89,11.95,10.38,5.66,5.97,3.46,21.38,5.03,2.2,3.46,1.89,0.94,0.63,12.58,1.26,11.32,1.57,0.63,2.52,2.2,0.31,3.77,0,6.6,4.09,2.52,1.89,0.94,0.63,0.63,0,0,0,12.89,3.46,0.31,0.31,0,0,1.57,9.43,0,0,0.31,0,0.31,0.31,0,0,5.03,1.57,1.57,0.63,0.63,0.63,5.03,0.94,0.63,0,0,0.31,0,0,0.31,0,0.31,0.94,0,0,0,0,0.63,0,4.72,10.06,0,1.89,4.72,3.14,0.31,0.63,2.2,5.03,8.18,1.89,0.63,0,0.63,0,0,14.78,0,6.92,0.31,0,6.92,0.63,0
Manchester Orchestra,I'm Like a Virgin Losing a Child,Don't Let Them See You Cry,97,5.96,90.32,84.49,34.77,97,6.19,88.66,76.29,60.82,26.8,22.68,9.28,1.03,8.25,0,4.12,4.12,10.31,5.15,0,10.31,2.06,8.25,14.43,1.03,15.46,2.06,1.03,7.22,4.12,1.03,2.06,4.12,0,4.12,1.03,1.03,0,0,0,2.06,0,3.09,2.06,1.03,2.06,1.03,1.03,0,0,1.03,0,23.71,9.28,0,0,0,0,5.15,13.4,0,0,0,0,0,0,0,0,1.03,1.03,0,0,0,0,4.12,1.03,0,0,0,0,0,0,0,0,0,1.03,0,0,0,0,0,3.09,6.19,9.28,0,2.06,5.15,3.09,0,0,4.12,1.03,3.09,1.03,1.03,1.03,0,0,0,3.09,0,0,0,0,3.09,0,0
Manchester Orchestra,I'm Like a Virgin Losing a Child,Golden Ticket,205,4.1,16.2,93.2,66.36,68.33,11.71,91.22,77.56,59.51,26.83,16.1,11.22,1.95,2.93,0,0,10.73,17.56,5.37,0.49,7.32,7.8,9.76,5.37,2.44,20.98,4.39,2.93,4.39,2.44,1.46,0.49,14.63,2.93,11.71,3.41,2.44,0.98,0.98,1.95,1.95,0,6.83,4.88,1.95,0.98,0.98,0,0,0,0,0,14.15,8.78,2.44,1.46,0,1.46,1.46,5.85,0.49,0,0,0.49,0,0,0,0,1.46,0,0.49,0,0.49,0.49,0.98,0,0,0,0,0,0,0.49,0,0,0.49,1.95,0.49,0.49,0,0.49,0,0,8.29,6.34,1.95,0.98,2.44,0.49,0.49,0,7.32,6.83,4.39,4.88,0.98,0,0.98,0,0,11.71,2.93,2.93,0.49,0,3.41,1.95,0
Manchester Orchestra,I'm Like a Virgin Losing a Child,I Can Barely Breathe,242,1.96,77.16,99,6.16,48.4,11.57,91.32,77.27,59.09,24.38,19.01,8.68,4.13,4.55,0,1.65,5.37,11.16,6.2,0,6.2,11.16,8.26,11.16,1.24,25.21,4.96,1.24,4.13,4.13,0,0,19.83,2.48,17.36,4.96,4.55,3.31,3.72,0,3.72,0,1.65,0,1.65,0,0,0,0,0,0,0,14.88,3.31,0,0,0,1.24,1.65,11.57,0,0,0,0,0,0,0,0,0.41,0,0.41,0,0,0,4.55,0.41,0,0,0,0,0,0.41,2.07,0,0,0.83,0,0,0,0,0.41,0,6.61,17.77,1.24,7.02,7.85,2.89,0.41,0.41,7.02,7.85,5.79,0.41,0.83,0.83,0,0,0,14.46,0,2.48,1.65,0,8.68,1.65,0
Manchester Orchestra,I'm Like a Virgin Losing a Child,I Can Fell Your Pain,145,20.17,36.1,92.88,20.23,72.5,8.28,97.24,77.24,64.14,28.28,22.07,13.1,1.38,6.21,0.69,0.69,6.21,19.31,2.76,0,15.86,7.59,2.07,6.9,1.38,17.24,4.83,0.69,2.76,2.07,0.69,0,15.17,3.45,11.72,2.07,2.07,3.45,0.69,0,3.45,0,7.59,3.45,3.45,3.45,0.69,2.76,0.69,0,0,0.69,15.17,5.52,0,0.69,0,0.69,2.76,10.34,0.69,0,0.69,0.69,0,0,0,0,2.07,0,0,0,0,2.07,10.34,2.07,2.07,0,0,0,0,1.38,1.38,0,0,1.38,0,0,0,0,2.07,0,6.21,16.55,0.69,2.76,8.28,1.38,0,4.14,0.69,7.59,4.83,1.38,0,0,0,0,0,5.52,0,2.76,0.69,0,2.07,0,0
Manchester Orchestra,I'm Like a Virgin Losing a Child,Now That You're Home,210,1,67.92,80.49,78.85,42,2.86,98.1,81.9,62.86,27.14,19.05,9.52,2.38,7.14,0,0,8.1,11.43,0.95,0,8.57,21.43,9.05,5.71,3.81,33.81,7.62,1.43,6.19,2.38,2.38,1.43,11.9,0.95,10.95,0.48,0.48,6.19,2.38,0,2.86,0,9.52,6.67,2.86,4.29,2.38,1.9,0,0,0,0,16.19,4.76,1.9,0,0,0.95,0.48,11.43,0,0,0,1.9,0,0,0,0,4.76,0,2.86,0.48,0,1.43,1.9,0,0,0,0,0,0,1.43,0,0,0,0,0,0,0,0,0,0,13.81,16.19,0.48,2.86,5.71,4.76,0.48,1.9,7.62,5.24,14.29,4.29,1.9,1.9,0,0,0,19.05,0,5.71,1.9,0,11.43,0,0
Manchester Orchestra,I'm Like a Virgin Losing a Child,Sleeper 1972,129,39.25,91.66,93.24,6.71,129,6.98,96.12,76.74,58.14,23.26,20.16,8.53,0,4.65,6.98,0,3.1,15.5,5.43,0,15.5,3.88,9.3,4.65,0,17.83,4.65,3.88,3.88,2.33,0,1.55,6.98,1.55,5.43,2.33,0,0,0,1.55,1.55,0,3.88,0.78,2.33,3.1,0,2.33,0,0,1.55,0,21.71,4.65,0,0,0,0,3.1,16.28,2.33,0,7.75,3.1,0,0,0,0,4.65,0,1.55,0,1.55,1.55,9.3,0,0,0,0,0,0,0.78,1.55,0,0,0,0,0,0,0,0,0,8.53,20.93,0.78,2.33,12.4,3.1,0.78,0.78,6.2,5.43,6.98,0,0,0,0,0,0,4.65,0,0.78,0.78,0,2.33,0.78,0
Manchester Orchestra,I'm Like a Virgin Losing a Child,The Neighborhood Is Bleeding,153,11.09,9.11,88.85,39.24,30.6,14.38,89.54,75.82,61.44,20.26,16.99,11.11,0,3.27,0.65,1.96,3.27,10.46,5.23,1.31,12.42,15.03,5.23,7.19,2.61,24.84,4.58,2.61,0,0,0,0,22.22,4.58,17.65,4.58,3.27,5.23,3.27,0,3.27,0,3.92,2.61,1.31,1.31,0.65,0.65,0,0,0.65,0,6.54,0,0,0,0,0,0,6.54,0,0,0.65,0,0,0,0,0,1.31,0,1.31,0,0,0,4.58,0.65,0.65,0,0,0,0,0,1.31,0.65,0,1.31,0,0,0,0,0,0,8.5,11.11,0.65,0,6.54,1.31,1.31,0,5.23,3.27,11.11,1.96,0,0,0,0,0,16.34,0,6.54,2.61,0,7.19,0,0
Manchester Orchestra,I'm Like a Virgin Losing a Child,Where Have You Been,233,1.13,74.34,93.82,32.1,233,6.44,98.28,83.26,67.38,28.76,21.46,11.16,0,8.58,0.86,0.86,7.3,8.58,2.15,0.43,11.16,17.17,8.15,4.72,1.29,30.04,1.72,3.86,0.43,0,0,0.43,9.87,2.15,7.73,0.86,3,2.15,2.15,0,0.43,0,0.86,0.86,0,0,0,0,0,0,0,0,12.45,1.72,0,0,0,0,1.29,10.3,0,0,0,0.86,0,0,0,0,7.73,0.43,0.43,0,0,6.87,2.58,0.43,0.43,0,0,0,0,0,0.43,0,0.43,3.43,0,0,0,0,0,0,10.3,15.45,1.29,3,10.3,2.58,0.43,0,3.86,8.58,3.86,2.15,0.43,0,0,0.43,0,14.59,0,6.87,0,0,7.73,0,0
Manchester Orchestra,I'm Like a Virgin Losing a Child,Wolves at Night,260,4.03,49.21,24,6.78,86.67,10,88.85,75.77,60.38,29.62,21.54,13.46,0,7.31,0.77,0,8.08,9.23,3.08,0,10.77,13.85,4.23,4.23,1.54,25.77,2.69,0.77,6.15,1.15,3.85,1.15,15,1.92,13.08,0.77,2.31,5.77,3.46,0.77,0.77,0,3.08,0.77,2.31,1.92,0,1.92,0,0,1.92,0,15,5,0,0,0,0,1.92,10,0.77,0,1.54,0,0.38,0,0.38,0,1.15,0.38,0.38,0,0,0.38,3.08,0,0,0,0,0,0.38,0,0,0,0,1.54,0,0,0,0,0.38,0,5,5.77,0,0.77,2.69,2.31,0.38,0,2.31,5.38,3.46,3.08,1.54,0.77,0.77,0,0,18.85,0,8.08,0.77,0,6.92,3.08,0
Manchester Orchestra,Mean Everything To Nothing,100 Dollars (Album Version),108,1.78,45.54,59.49,99,108,9.26,96.3,87.04,67.59,27.78,22.22,13.89,0,8.33,0,0,5.56,10.19,3.7,1.85,9.26,12.96,8.33,6.48,1.85,20.37,10.19,4.63,0.93,0,0.93,0,13.89,2.78,11.11,3.7,1.85,4.63,0,0,0.93,0,9.26,8.33,0.93,0.93,0,0.93,0,0.93,0,0,12.96,3.7,0.93,0,0,0,2.78,9.26,0,0,0.93,0,0,0,0,0,3.7,0,1.85,0,1.85,0,0.93,0,0,0,0,0,0,0.93,0,1.85,1.85,0,0,0,0,0,0,0,4.63,6.48,0,0,4.63,0.93,0,0.93,0.93,4.63,12.04,0,0,0,0,0,0,11.11,0,5.56,0,0,4.63,0.93,0
Manchester Orchestra,Mean Everything To Nothing,Everything To Nothing (Album Version),141,1,1,98.71,41.11,141,14.18,96.45,88.65,73.76,32.62,21.99,12.06,1.42,7.09,1.42,0,10.64,7.8,4.96,0.71,10.64,11.35,7.8,5.67,9.93,28.37,3.55,1.42,2.13,2.13,0,0,25.53,8.51,17.02,3.55,0,0.71,0.71,0.71,7.09,0,2.84,2.13,0.71,0,0,0,0,0,0,0,9.22,2.84,0,0,0.71,0,2.13,6.38,0.71,0,0,2.84,0,0,0,0,0,0,0,0,0,0,0,0,0,0,0,0,0,0,0,0,0,1.42,0,0,0,0,0,0,7.8,7.8,0,1.42,3.55,2.13,0.71,0.71,4.96,3.55,11.35,2.13,0.71,0,0.71,0,0,12.77,0,2.84,0,0,8.51,1.42,0
Manchester Orchestra,Mean Everything To Nothing,I've Got Friends (Album Version),331,4.06,5.82,97.23,11.09,331,6.34,98.49,87.92,63.44,32.63,25.08,16.62,0,3.63,0,4.83,7.55,10.88,4.53,0.6,9.67,8.46,3.63,5.14,3.93,31.12,1.51,4.83,3.63,2.42,0.91,0.3,23.56,3.93,19.64,6.65,2.11,8.46,0.6,0,2.72,0,1.51,0.3,1.21,0.3,0,0,0,0,0,0,12.69,1.81,0,0,0,0,1.81,10.88,0,2.42,0,0,0,0,0,0,0.3,0.3,0,0,0,0,0.6,0,0,0,0,0,0,0,0,2.42,5.14,2.72,0,0,0,0,0,0,14.2,9.97,0,0.3,8.76,0.3,0.3,0,2.11,5.14,3.63,1.51,0.3,0,0,0.3,0,10.57,0,3.02,0,0,6.95,0.6,0
Manchester Orchestra,Mean Everything To Nothing,I Can Feel a Hot One (Album Version),302,26.52,11.54,88.84,34.17,75.5,9.27,92.38,80.79,62.25,21.52,15.89,11.59,0,3.97,0.33,0,5.63,16.23,8.28,0.99,11.92,10.93,4.97,5.96,1.66,24.17,7.28,4.3,1.32,0.33,0.33,0.66,13.25,0.99,12.25,4.3,1.32,3.64,0.99,0.33,2.32,0.33,5.3,2.98,1.99,2.32,0.66,1.66,0.99,0,0.66,0.33,8.94,2.98,0,0,0,0.33,2.32,5.63,0.33,0,0.66,0.99,0,0,0,0,1.32,0,0.33,0,0,0.99,3.97,0.66,0.33,0,0,0,0,0,0,0.99,0.99,0.99,0,0.99,0,0,0,0,6.29,11.26,0,0,5.63,0.99,1.99,2.65,4.97,9.27,3.97,1.99,0.66,0,0.66,0,0,5.63,0,1.66,0.99,0,2.98,0,0
Manchester Orchestra,Mean Everything To Nothing,In My Teeth (Album Version),254,1,51.8,90.04,37.19,63.5,4.72,97.24,89.76,62.2,24.8,15.35,6.3,4.33,3.94,0.79,0,9.45,7.87,3.15,0.39,6.3,9.84,13.78,8.27,6.69,29.53,5.91,0.79,4.72,4.33,0.39,0,17.72,3.94,13.78,3.15,0.79,5.51,0.79,2.36,2.36,0,3.15,1.97,0.79,0.39,0.39,0,0,0,0,0.39,10.63,1.18,0,0,0,0,1.18,9.45,0,0,0,1.57,0.79,0,0.79,0,1.57,0,0,0,0,1.57,2.76,0,0,0,0,0,0,0,0.39,3.94,0.79,0,0,0,0,0,0,0,14.17,9.45,0,3.54,7.48,1.57,0,0.39,8.66,4.72,9.06,3.54,5.12,1.57,3.54,0,0,11.81,0,5.12,1.18,0,5.51,0,0
Manchester Orchestra,Mean Everything To Nothing,"Jimmy, He Whispers (Album Version)",265,7.19,95.87,26.85,49.04,265,13.96,92.08,75.85,60.38,22.26,14.34,3.77,4.91,3.02,2.64,0,7.92,17.74,8.3,0,9.43,13.58,6.42,10.19,1.13,21.89,10.57,1.13,8.68,7.92,0.38,0.38,12.08,0.75,11.32,3.4,1.13,2.26,1.13,0,3.4,0,5.66,3.77,1.89,2.64,1.13,1.51,1.13,0.38,0,0,17.74,3.4,0,0,0.38,0,2.64,13.58,3.02,0,0,5.66,0,0,0,0,2.26,0.75,0,0,0,1.51,3.02,0,0,0,0,0,0,0,0.75,0,0,0,0,0,0,0,0.38,0,3.4,9.81,0.75,0.75,4.91,1.13,1.89,0,3.4,2.26,12.08,1.89,3.77,0,3.4,0.38,0,13.58,0,0.38,0,0,10.94,2.26,0
Manchester Orchestra,Mean Everything To Nothing,My Friend Marcus (Album Version),128,1,23.51,86.58,20.23,128,13.28,95.31,78.13,63.28,28.91,23.44,11.72,0.78,7.03,3.91,0,5.47,12.5,2.34,0,6.25,9.38,8.59,4.69,5.47,27.34,3.13,3.91,3.91,3.13,0.78,0,28.91,7.03,20.31,7.81,0.78,4.69,1.56,0,2.34,0,3.91,1.56,1.56,2.34,1.56,0.78,0,0,0.78,0.78,10.94,1.56,0.78,0,0,0,0,9.38,2.34,0,0,6.25,0,0,0,0,3.13,0,2.34,0.78,0,0,2.34,0,0,0,0,0,0,0,0,0,0,0,1.56,0,0,0,0,1.56,14.84,9.38,0,1.56,3.91,2.34,0,0.78,5.47,1.56,21.09,0,0.78,0,0,0,0.78,7.81,0,2.34,0,0,4.69,0.78,0
Manchester Orchestra,Mean Everything To Nothing,Pride (Album Version),258,25.63,1,94.11,12.18,86,6.98,88.37,78.68,61.63,30.62,16.67,15.12,0,1.16,0,0.39,13.95,20.16,12.79,2.33,7.75,6.2,1.94,6.2,0.78,18.99,5.43,6.59,1.16,0,0.39,0.78,13.57,0.78,12.79,5.04,0.78,3.88,0.39,0,4.26,0,3.88,1.55,2.33,1.16,0.78,0.39,0,0,0.39,0,5.81,3.49,0,0,0,0.39,1.94,2.33,0,0,0,0.78,0,0,0,0,0.78,0,0,0,0.78,0,5.81,0.39,0.39,0,0,0,0,0,1.55,1.94,0,0,0,0,0,0,0,0,6.2,8.14,0.39,0,3.1,1.94,2.71,0.39,3.1,2.33,6.59,0.78,0.39,0,0.39,0,0,21.32,0,13.18,0.78,0,7.36,0,0
Manchester Orchestra,Mean Everything To Nothing,Shake It Out (Album Version),303,7.06,27.45,97.93,3.43,43.29,4.95,94.72,85.15,67,28.05,17.16,10.56,0.99,5.61,0,0,10.89,9.24,3.63,0.33,14.52,12.54,7.26,3.96,2.31,26.73,4.62,5.28,2.97,1.65,0.66,0.99,14.19,2.64,10.89,2.64,1.32,3.63,0.66,0.66,3.3,0,2.97,0.33,2.64,1.65,0,1.65,0,0,0,0,10.23,1.65,0,0,0,0,0.66,7.26,0.33,0,0,0.33,0,0,0,0,3.3,0,1.32,0,0,1.98,4.29,1.98,0.33,0,0,0,0,0,1.32,3.96,0.33,0.99,0,0.33,1.65,0,0,0,14.85,14.52,0,1.32,10.56,2.31,0,1.65,4.62,4.29,7.59,4.29,3.96,2.97,0,0.99,0,15.51,0,8.58,1.98,0,4.95,0,0
Manchester Orchestra,Mean Everything To Nothing,The Only One (Album Version),210,1,24.76,72.58,33.54,210,5.71,97.62,87.14,74.29,30.48,18.1,10,0.48,7.14,0,0,12.38,15.24,7.14,0.95,5.24,17.62,7.62,7.14,3.81,25.71,3.33,2.38,2.38,0.48,0.48,1.43,24.76,4.76,20,4.76,1.9,3.33,3.81,0.95,4.76,0,2.38,0.95,0,0.95,0.48,0,0,0,0,0.95,11.43,2.38,0,0,0,0,2.38,9.05,0.95,0,0,0.95,0,0,0,0,1.43,0,0,0,0.95,0.48,0,0,0,0,0,0,0,0,0,0,0,0,0,0,0,0,0,0.95,4.76,2.86,0,0.48,1.43,0.48,0,0.48,3.33,9.05,5.71,0.95,0.95,0,0,0.95,0,8.57,0,3.81,0,0,4.76,0,0
Manchester Orchestra,Mean Everything To Nothing,The River (Album Version),204,17.43,2.6,99,58.61,204,2.45,96.08,83.33,54.41,27.45,25,20.59,0.49,3.92,0,0,2.45,12.75,6.37,1.96,7.84,3.92,7.84,3.92,0,27.94,5.88,1.96,2.45,0.98,1.47,0,10.78,0.98,9.8,3.92,1.96,1.47,2.94,0,0,0,5.39,3.92,1.47,0.49,0.49,0,0,0,0,0,7.35,2.45,0,0.49,0.98,0.98,0.49,4.9,0.49,0,0,0.49,0,0,0,0,6.37,1.47,0,0.49,0.98,3.43,2.94,0,0,0,0,0,0,0,0.49,0.98,0.49,2.45,0,0,0,0,0,0,13.24,10.78,0,1.96,3.43,2.94,1.96,0.49,6.37,2.45,2.94,3.92,2.94,0,0,2.94,0,6.37,0,3.92,0,0,2.45,0,0
Manchester Orchestra,Mean Everything To Nothing,Tony The Tiger (Album Version),188,1,88.3,89.39,9.87,188,7.98,95.74,89.36,73.94,31.91,20.74,7.45,0.53,12.77,0,0,11.17,9.57,4.79,0,4.79,18.09,7.98,8.51,4.79,29.79,3.72,2.66,2.66,1.6,0,1.06,25,1.06,23.94,8.51,0,4.26,2.66,3.19,5.32,0.53,2.13,0.53,1.6,0.53,0,0.53,0,0,0.53,0,14.89,0.53,0,0,0,0,0.53,13.83,1.06,0,1.06,0,0,0,0,0,2.66,0,1.06,0,1.6,0,1.06,0,0,0,0,0,0,0,0,0,0,0.53,0,0,0,0,0,0,5.32,5.32,0,1.6,3.72,0,0,0,2.66,11.17,3.19,0.53,0,0,0,0,0,5.85,0,0,0,0,5.85,0,0
Manchester Orchestra,Simple Math,Apprehension,255,36.31,40.06,95.46,37.12,255,16.08,91.76,77.25,60,20,14.9,8.63,1.96,3.53,0,0.78,5.1,17.25,8.24,0.78,12.94,7.45,5.49,6.67,2.75,18.04,6.67,4.31,6.67,3.14,2.75,0.78,14.51,3.53,10.2,2.35,1.57,1.57,2.35,0,2.75,0,6.67,3.92,2.75,3.53,1.96,1.57,1.57,0,0,0,11.76,3.53,0.39,0,0,0.78,1.18,8.63,0.78,0.39,0,0,0,0,0,0,2.75,0.39,0,0.78,0.39,1.18,2.35,1.18,0.39,0,0,0,0,0,0.78,0,0,2.35,0,0.78,0,0.39,1.18,0.78,7.06,11.37,0,3.14,7.45,0,0.78,0,4.71,5.88,3.53,1.96,0.78,0,0.78,0,0,4.71,0,1.96,0,0,2.35,0.39,0
Manchester Orchestra,Simple Math,April Fool,298,3.45,3.87,99,10.3,149,6.38,93.29,81.54,63.76,24.83,19.8,15.1,0.67,4.03,0,0,5.03,16.44,4.36,3.69,10.4,11.41,8.39,8.39,2.35,25.84,3.36,7.72,3.36,0.67,2.35,0.34,9.4,1.34,6.71,1.01,0.67,0.67,1.01,0,3.69,0,2.35,0.67,1.68,1.34,0.67,0.67,0,0.34,0.34,0,7.72,1.01,0,0,0,0.34,0.34,6.38,1.01,0,0,1.01,0,0,0,0,1.68,0,0.34,0,0.34,1.01,2.68,0,0,0,0,0,0,0,0.34,0.34,0.34,1.01,0,0.34,2.68,0,1.01,0,9.73,12.75,0,4.36,10.07,1.68,0,0,6.04,6.71,6.04,1.68,0,0,0,0,0,13.09,1.01,5.03,0,0,7.05,0,0
Manchester Orchestra,Simple Math,Deer,197,11.37,10.67,98.68,6.86,98.5,8.12,94.92,83.76,65.48,22.84,16.75,11.68,1.02,4.06,0,0,6.09,11.68,5.58,1.02,14.21,9.14,11.17,5.58,3.55,20.81,8.63,3.05,5.08,2.03,0.51,2.54,12.69,4.57,8.12,2.03,0.51,2.03,2.54,0.51,2.03,0,7.61,2.54,4.06,1.52,0.51,1.02,0,0,0,1.02,13.2,4.57,0,0,0.51,0.51,2.03,6.6,0,0,0,0.51,0,0,0,0,2.03,0,1.02,0.51,0.51,0,3.55,0.51,0,0,0,0,0,1.52,0.51,1.52,0.51,0,1.02,0,0.51,0,0,0,12.18,10.15,0,2.54,7.61,0.51,0,0,6.6,4.06,9.14,1.02,0,0,0,0,0,11.17,0,5.08,0.51,0,5.58,0,0
Manchester Orchestra,Simple Math,Leaky Breaks,318,2.94,38.24,98.5,2.82,318,16.67,88.68,73.9,61.95,24.53,17.3,9.75,1.26,5.66,0.63,0,7.23,9.12,3.77,0,11.64,11.01,10.69,7.86,2.83,17.61,4.09,0.63,2.52,1.57,0.63,0.31,12.26,1.57,10.69,3.46,0.31,1.89,5.66,0,3.14,0,5.97,1.57,4.09,2.2,0.31,1.89,0.94,0.31,0,0.31,11.64,2.52,0,0,0.31,0.94,0.94,8.81,0.31,0,0.94,0,0,0,0,0,2.52,0,1.57,0.31,0.31,0.31,2.2,0,0,0,0,0,0,0.94,0.31,0,0.31,0.31,0,0,0,0,0.31,0,5.35,12.89,0.31,1.89,9.12,2.2,0.31,0.63,5.35,5.03,4.09,3.14,0,0,0,0,0,8.49,0,1.57,0.31,0,6.6,0,0
Manchester Orchestra,Simple Math,Leave It Alone,199,3.68,4.58,99,2.82,199,9.55,93.97,80.9,63.32,24.62,16.58,11.06,1.51,4.02,0,0,8.04,12.06,4.52,1.01,12.06,7.04,11.06,10.05,4.02,21.11,4.02,2.51,3.02,2.01,0.5,0.5,14.57,3.02,11.56,2.51,0.5,2.51,3.52,0,6.53,0,4.52,1.01,3.52,2.01,0.5,1.51,1.01,0.5,0,0,10.05,1.51,0,0,0.5,0,1.01,6.53,0.5,0,0,1.01,0,0,0,0,1.51,1.01,0.5,0,0,0,3.02,1.51,1.01,0,0,0,0,0,1.01,0,0.5,2.51,0,0,0,0,0,0,10.55,17.59,1.01,4.52,8.54,1.01,2.01,1.01,7.04,4.52,6.03,1.51,0.5,0,0.5,0,0,8.54,0,2.51,0,0,6.03,0,0
Manchester Orchestra,Simple Math,Mighty,213,33.81,48.42,89.01,7.54,213,12.68,92.02,71.36,55.87,19.72,16.9,9.39,0.47,7.04,0,0,2.82,13.15,7.04,0,13.15,12.21,2.35,6.1,1.88,22.07,6.1,0,3.29,0.47,1.41,1.41,9.86,0,9.86,1.41,2.82,1.88,1.88,0.47,3.29,0.47,7.04,2.82,4.23,4.23,2.35,1.88,0.47,0,0.94,0,12.21,3.76,0.47,0.47,0.94,0,0.94,8.45,0,0,0,0.94,0.94,0,0,0.94,1.88,0,1.88,0,0,0,5.63,0.47,0,0,0,0,0,0,0,0.47,0,0.47,0,0,0,0,0.47,0,7.98,12.68,0.94,4.23,7.04,1.41,0.47,0.47,1.41,3.76,5.63,3.29,0.47,0,0.47,0,0,9.39,0,1.88,0,0,6.57,0.94,0
Manchester Orchestra,Simple Math,Pale Black Eye,142,1,52.67,19.49,1,142,7.75,98.59,81.69,63.38,33.8,28.17,15.49,0,11.27,1.41,0,5.63,2.82,0.7,0,11.27,8.45,6.34,7.75,4.23,23.24,4.93,0,2.11,0.7,0,1.41,17.61,0.7,16.9,0.7,4.23,7.75,1.41,2.11,2.11,0.7,6.34,0.7,4.23,4.93,0.7,3.52,0.7,0,0,0.7,16.9,2.11,0,0,0,0,0.7,13.38,0.7,0,0,2.11,0,0,0,0,1.41,0,0,0,1.41,0,9.15,4.23,2.82,0,0,0,0,0,0,3.52,2.82,1.41,2.82,0,1.41,0,0.7,0,9.15,5.63,0,0.7,1.41,2.11,0,1.41,2.11,5.63,4.93,0.7,0,0,0,0,0,9.15,0,4.23,0,0,4.93,0,0
Manchester Orchestra,Simple Math,Pensacola,383,7.28,16.87,70.89,5.3,383,13.05,93.73,79.11,60.84,23.5,18.54,11.49,0.78,2.09,3.92,0.26,4.96,10.7,4.96,1.31,9.4,7.57,11.49,5.22,2.35,19.32,7.31,4.44,2.61,1.83,0.52,0.52,15.93,3.13,12.79,1.83,0.26,2.61,5.74,0.52,2.87,0,6.01,2.09,3.92,1.83,1.57,0.26,0,0,0,0,13.58,4.18,0,0,1.31,0,1.57,9.14,1.04,0,4.18,1.04,0,0,0,0,4.7,3.13,0.26,0.26,1.31,0,6.01,1.83,0,0,0,1.83,0,2.61,0,0.52,0.78,1.31,0,0.26,0.26,0,0,0,6.01,7.83,0.26,0.52,4.7,1.31,0.26,0.78,6.27,5.48,6.79,2.35,0,0,0,0,0,16.19,0,6.53,0,0,2.87,6.79,0
Manchester Orchestra,Simple Math,Simple Math,262,2.4,31.52,67.43,1.67,21.83,8.78,95.04,81.3,60.69,20.23,11.83,5.73,4.2,1.53,0,0.38,8.4,9.16,3.82,0.38,7.63,15.27,7.25,9.16,2.29,25.57,8.02,3.05,6.87,4.2,2.29,0.38,18.7,4.2,14.5,3.44,0.76,4.2,5.34,0.38,5.73,0,8.02,2.29,5.34,1.53,0,1.15,0,0.38,0,0,11.83,5.34,0.38,0.38,0.38,3.05,1.15,6.49,0,0,0,0,0,0,0,0,3.44,0,0,2.67,0,0.76,3.05,0,0,0,0,0,0,0.38,0.76,0.76,0.38,2.29,0,0,0,0,0,0,6.11,8.02,0.76,0.76,4.96,0.76,1.53,0,4.2,12.6,4.2,0.76,2.29,0,0,2.29,0,16.41,1.15,7.25,3.82,0,4.2,0,0
Manchester Orchestra,Simple Math,Virgin,296,10.5,97.61,97.24,29.32,148,4.05,92.57,74.66,62.16,23.31,17.23,3.72,6.76,5.74,1.01,0,6.08,19.59,4.05,2.03,13.51,8.45,5.07,9.8,4.05,13.85,5.74,4.73,8.11,7.43,0.68,0,12.16,3.72,8.45,1.69,0,1.35,1.01,0.68,4.05,0,0.68,0.68,0,0,0,0,0,0,0,0,15.54,1.01,0,0,0,0,0,14.19,0,0,0,1.01,0,0,0,0,3.04,0,2.03,0.34,0,0.68,5.74,0,0,0,0,0,0,0,0.68,0,0,1.01,0,0,0,0,0,0,9.46,14.86,0,3.72,12.84,0,0.34,0.68,5.07,1.69,3.38,2.03,2.03,2.03,0,0,0,10.81,1.01,5.07,0,0,3.38,1.35,0
Manchester Orchestra,"You Brainstorm, I Brainstorm, but Brilliance Needs",Alice and Interiors [Explicit],240,1,71.38,71.5,15.56,24,5,96.67,88.75,67.5,26.25,20.42,10,1.25,9.17,0,0,5.83,14.17,6.67,0,7.08,20.83,7.92,4.58,3.75,30.42,8.75,1.25,3.33,1.67,1.67,0,14.58,6.67,7.92,1.67,1.67,1.67,1.25,0.42,2.08,0,7.92,3.33,3.75,2.08,0.83,1.25,0,0,0,0.83,17.92,6.25,1.25,0.42,0,2.5,1.67,11.67,0,0,0.42,0.83,0.42,0,0,0.42,2.08,1.25,0,0,0,0.83,1.67,0.42,0,0,0,0,0,0,0.83,1.25,0,0.42,0,0,0.42,0,0,0.83,6.25,8.33,0.83,1.25,2.5,0.83,2.92,1.67,5.42,4.58,11.25,2.5,2.92,0.83,1.67,0.42,0,15.42,2.92,2.08,0.83,0,9.58,0,0
Manchester Orchestra,"You Brainstorm, I Brainstorm, but Brilliance Needs",I'd Rather Have,231,23.77,12.22,92.29,20.23,115.5,9.96,95.67,78.35,64.94,21.21,18.61,12.55,1.3,4.33,0,0.43,2.6,15.58,6.49,0.43,16.02,9.09,10.39,7.36,0.43,16.45,5.19,2.6,3.9,1.73,2.16,0,18.61,2.16,16.45,2.16,1.73,4.33,4.33,0.43,4.76,0,7.36,3.46,3.46,4.76,1.73,2.6,0.43,0,1.73,0,8.66,2.16,0,0,0,0,1.3,6.06,0,0,0,0,0.43,0,0,0.43,0.87,0,0.43,0,0,0.43,6.93,0.87,0,0,0.43,0.43,0,0,0,0.43,1.3,1.73,0,0.43,0,0,0,0.43,7.36,13.85,1.3,0,7.36,4.33,0.87,0.43,3.46,3.03,1.3,2.16,0,0,0,0,0,6.93,0,3.03,0.43,0,3.03,0.43,0
Manchester Orchestra,"You Brainstorm, I Brainstorm, but Brilliance Needs","Play It Again, Sam! You Don't Have Any Feathers [Explicit]",247,63.1,87.51,86.87,11.89,123.5,8.5,94.74,75.71,55.47,18.62,14.98,4.86,0,6.48,3.24,0.4,3.64,17,8.91,1.21,13.77,6.07,2.43,5.67,2.02,19.84,4.45,3.24,5.26,2.43,2.02,0.81,10.12,0.4,9.72,2.02,0.81,1.21,1.62,0.81,3.64,0.4,4.86,2.02,2.83,1.21,0,1.21,0,0,1.21,0,19.43,6.07,1.62,2.02,0,0.81,3.24,13.36,2.43,0,2.02,3.64,0.4,0,0,0.4,2.43,0,0,0.4,0,2.02,3.64,0,0,0,0,0,0,0.81,0,0,0,0,0,0,0,0,0.4,0,10.12,14.98,0.4,4.45,8.1,2.83,0.4,0,5.67,8.1,3.64,0.4,0.4,0,0,0.4,0,6.88,0,4.05,0.4,0,2.43,0,0
Manchester Orchestra,"You Brainstorm, I Brainstorm, but Brilliance Needs",Slow To Learn,372,6.49,97.31,14.81,70.91,186,7.26,94.09,81.99,63.98,23.92,17.47,0.54,0.81,5.65,9.95,0.54,6.45,20.97,8.06,0.27,9.95,14.52,7.26,2.96,5.91,25,6.99,0.81,4.84,1.08,3.49,0.27,16.4,4.57,11.83,5.11,0.81,2.96,1.34,1.34,3.23,0,4.84,4.03,0.81,1.34,0.81,0.54,0.27,0,0.27,0,23.39,5.38,0.27,0,0,0.27,1.34,17.74,0,0.27,9.95,0.81,0,0,0,0,0.81,0.27,0,0.27,0,0.27,0.81,0.27,0.27,0,0,0,0,0.27,0,0,0,1.34,0,0.27,0,2.96,0.27,0.27,9.14,9.68,0.81,4.84,4.3,1.61,0.27,0,7.26,1.88,14.52,1.61,0.54,0,0,0.54,0,11.56,0,2.96,0.27,0,7.53,0.81,0
Manchester Orchestra,"You Brainstorm, I Brainstorm, but Brilliance Needs",The Procession,171,1.29,50.51,94.43,13.9,85.5,7.6,94.74,78.95,59.06,23.98,16.96,6.43,2.34,7.6,0,0.58,7.02,16.37,2.92,1.17,8.77,11.11,6.43,8.77,7.6,23.39,5.85,2.34,2.34,2.34,0,0,9.94,1.75,7.6,1.17,1.17,0,1.17,0,3.51,0.58,9.94,4.68,5.26,3.51,1.17,2.34,0,0,2.34,1.17,12.87,2.34,0,0,0,0,1.17,10.53,0,0,0,0,0.58,0,0,0.58,4.68,2.92,1.17,0,0,0.58,3.51,0,0,0,0,0,0,0,0,0,0,0,0,1.17,0,0,0,0,12.87,12.28,1.17,4.09,3.51,0.58,3.51,0,8.19,1.17,8.77,5.26,0,0,0,0,0,20.47,1.75,8.19,0,0,9.94,0.58,0
The Front Bottoms,Ann,I Think Your Nose Is Bleeding,351,1,1,98.7,84.14,351,4.84,99.15,93.45,70.94,29.06,21.08,14.53,2.56,0,3.7,0.28,7.98,6.55,1.71,0.57,8.55,17.09,13.11,7.12,4.56,32.48,8.26,3.7,5.41,3.7,0.57,1.14,24.79,1.42,23.36,5.7,1.14,6.84,3.99,0,7.12,0,7.12,5.7,1.42,1.14,0.57,0.57,0,0,0,0,12.54,2.85,0.28,0,0,0,2.28,8.55,0,0.85,3.7,0,0.85,0,0,0.85,0.85,0.28,0.28,0,0.28,0,1.14,0.28,0,0,0,0,0,0.28,0,0.57,2.85,2.28,0,0,0.28,0,0.28,0,11.68,11.11,0,1.99,6.27,0.28,0,2.85,5.41,8.26,5.13,5.13,1.99,1.99,0,0,0,12.54,0,3.7,0,0,8.83,0,0
The Front Bottoms,Ann,Lonely Eyes,250,1,94.01,52.03,1.44,125,9.2,99.6,87.2,64,27.2,21.6,8.4,0,11.2,0.8,1.2,5.6,15.2,2,0,8.4,14.4,5.6,9.2,2.8,29.6,7.6,4.8,2,0.4,0.8,0.8,18,4,14,2.8,1.6,6.8,3.2,0,2.8,0,7.6,2,5.2,5.2,0.4,4.4,0.4,0,3.6,0,22,4,0,0,0.4,0,2.8,14.8,0,0.4,2,0,0,0,0,0,3.6,0.4,0,2.8,0.4,0,0.8,0,0,0,0,0,0,0,0,1.6,0.4,1.6,0,0,0,0,0.4,0,11.2,12.4,0.8,2.4,6.4,1.6,0.4,1.2,3.2,1.2,8.8,0.4,0.4,0,0.4,0,0,13.2,0,2.8,0,0.4,7.6,2.4,0
The Front Bottoms,Ann,Pale Beneath the Tan (Squeeze),461,10.39,96.93,56.99,35.62,65.86,9.11,93.28,82.21,60.74,24.3,19.31,5.21,4.34,6.51,1.52,0.87,4.99,13.67,4.99,0.22,13.02,8.89,5.86,9.33,2.82,25.38,5.86,3.69,7.38,4.34,2.6,0.43,17.79,4.34,13.45,4.56,0.87,3.04,2.39,0.22,3.47,0,4.99,3.04,1.95,1.74,0.87,0.87,0,0,0.22,0,20.82,6.07,0,0,0.22,0,3.69,14.75,0,0,0.65,1.3,0,0,0,0,0.43,0.43,0,0,0,0,3.9,2.39,0.22,0,0,0,0,0,0,0,0.65,0.65,1.3,0,0.22,0,0.22,0,11.06,8.68,0.43,0.65,4.77,0.22,0.43,2.17,4.99,1.74,8.03,2.17,0.43,0.43,0,0,0,10.41,0,0.43,0.43,0.87,7.59,1.08,0
The Front Bottoms,Ann,Somebody Else,186,8.81,12.67,98.45,35.47,186,6.99,95.7,80.11,69.35,24.19,16.13,10.22,0,5.38,0.54,0,8.06,15.59,4.84,3.76,15.05,14.52,6.45,4.3,4.84,21.51,4.3,6.45,1.08,0,0.54,0.54,13.98,3.76,10.22,1.08,1.08,2.15,3.76,0,3.23,0,3.23,2.15,1.08,0,0,0,0,0,0,0,8.06,1.08,0,0,0,0,1.08,6.99,0,0,0,0.54,0,0,0,0,2.69,0.54,1.08,0.54,0,0.54,3.23,1.08,0,0,0,0,0,0,0,0,0,1.08,0,0,0,0,0,0,9.68,12.9,0.54,2.15,8.06,1.08,1.08,1.08,8.06,1.08,7.53,3.23,0.54,0,0.54,0,0,9.14,0,1.08,0,0,7.53,0.54,0
The Front Bottoms,Ann,Tie Dye Dragon,248,27.12,3.39,74.65,1,49.6,11.69,88.31,72.58,45.56,20.16,13.31,11.29,0.81,0,0.4,0,6.85,8.87,5.65,0,8.47,10.08,4.84,2.82,0.81,15.32,3.63,0.4,1.21,1.21,0,0,11.69,2.02,9.68,1.21,0.4,0.81,6.85,0,1.21,0,6.05,1.21,4.84,4.44,0,4.44,1.21,0,0,0,6.45,4.44,1.61,0,0,0,2.02,2.02,0,0,0,0.4,0,0,0,0,1.21,0.81,0,0.4,0,0,1.61,0,0,0,0,0.81,0,0,0.81,0.4,0,0.4,0,0,0,0,0.4,0.81,6.45,7.66,0,0.4,4.03,2.42,0,0.81,4.84,4.44,8.87,2.02,19.76,0.4,9.68,9.68,0,20.16,4.84,7.66,0,0,7.66,0,0
The Front Bottoms,Ann,Today Is Not Real,187,6.68,3.14,99,53.36,62.33,14.44,95.72,80.21,61.5,19.79,15.51,12.3,0,2.14,0,0.53,4.28,11.76,7.49,1.07,10.7,16.58,11.76,4.28,2.14,24.6,10.7,3.74,0.53,0,0,0.53,21.93,2.14,19.79,12.83,2.14,2.14,1.6,0.53,2.14,0.53,5.35,3.74,1.6,2.67,1.07,1.6,0.53,0,0.53,0,8.02,3.74,0,0,0,0,1.6,3.74,0,0,0,0,0,0,0,0,0,0,0,0,0,0,12.3,10.7,9.09,0,1.07,0,0,0,1.07,0.53,0,0.53,0,0,0,0,0,1.07,9.63,12.3,1.6,2.14,4.81,2.67,0,2.67,5.88,2.14,7.49,6.95,1.07,1.07,0,0,0,25.67,1.6,6.95,0.53,0,10.16,6.42,0
The Front Bottoms,Back on Top,2YL,350,27.19,86.05,55.31,16.95,58.33,7.43,89.43,76.29,64.29,23.43,15.43,7.71,3.43,4.29,0,0,8,19.43,7.14,1.71,12,10.29,4.57,5.14,0.29,16.29,3.71,5.43,4.86,4.86,0,0,18.29,6.29,12,2,1.43,4.57,2,0,0.29,0,4.29,2,2.29,0.86,0.29,0.57,0,0,0,0,13.71,4.57,0,0,1.14,0,1.43,9.43,0,1.43,0,0,0,0,0,0,0.86,0.29,0,0,0.57,0,2.57,0.86,0,0.29,0,0,0.29,1.43,0,0,0,1.71,0,0,0,0,0,0.57,8.86,10.57,0.86,0.86,8,0.86,0,1.14,4.57,0.57,2.57,0,2.86,1.43,1.43,0,0,12.86,0,2.57,1.43,0,5.43,3.43,0
The Front Bottoms,Back on Top,Cough It Out,370,4.14,2.77,97.17,78.52,92.5,8.65,93.78,77.57,68.11,27.57,20.81,13.24,1.62,4.59,0,1.35,6.76,7.3,3.51,0,13.78,12.7,4.86,6.22,5.41,20.27,1.62,1.08,2.43,1.89,0.27,0.27,13.78,1.62,10.27,1.89,0.54,2.7,2.16,0,6.49,0,3.78,3.78,0,3.24,3.24,0,0,0,0,0,12.97,5.41,0.81,0.27,0,0.27,1.08,7.84,0,0,0,0.27,0,0,0,0,0,0,0,0,0,0,6.22,5.95,0,0,3.24,0,0,0,0,0,0.54,1.62,0,0,3.78,0,0,0,12.16,6.22,0,0.27,5.14,0.81,0,0,4.32,1.89,7.57,1.35,0.81,0,0,0.81,0,12.7,0.27,4.86,0.81,0,4.86,1.89,0
The Front Bottoms,Back on Top,Ginger,265,11.42,3.29,91.43,6.94,265,7.17,86.42,80,67.55,22.64,18.87,12.08,0,3.4,2.64,0.75,3.77,13.96,4.91,0.75,14.72,12.45,5.66,6.79,4.53,15.85,3.77,5.66,1.51,0,0.38,1.13,13.58,3.4,10.19,0,0.38,3.77,0.75,0.38,4.15,0,2.26,0.38,1.89,1.89,0.38,1.51,0,0,0,0,8.3,1.51,0,0,0.38,0,1.13,6.79,0,0,2.64,0,0,0,0,0,0.38,0,0.38,0,0,0,1.51,0,0,0,0,0,0,0,0.75,1.13,0.38,1.13,0,0,0,0,0,0,4.15,12.08,0,0.38,11.7,0,0,0,3.77,1.13,12.08,1.13,6.04,0.38,3.4,2.26,0,15.09,0,4.53,0,0,6.79,3.77,0
The Front Bottoms,Back on Top,HELP,376,30.18,31.15,84.32,66.34,94,7.98,96.81,80.85,63.03,25.53,17.29,9.57,0.8,5.05,0.8,1.06,8.24,13.56,5.32,0,16.22,9.57,3.72,2.93,3.19,24.73,3.72,3.46,6.12,5.32,0.27,0.53,15.16,2.39,12.77,2.93,2.39,4.26,1.6,0.27,1.6,0,8.24,5.59,2.66,0.27,0,0.27,0.27,0,0,1.06,15.69,7.98,4.52,0.53,0,0.53,1.86,7.98,0,0.27,0.8,0,0,0,0,0,1.33,0,0,0.27,0.53,0.53,2.66,1.33,0,0.53,0,0,0,0,0,2.39,1.6,1.33,0,0,0,0,0,0,12.5,11.97,0.53,1.86,9.31,0.27,0.27,1.6,3.46,0.8,7.71,2.13,2.39,1.86,0.27,0.27,0,21.81,0.27,4.26,0.27,0.27,4.26,12.5,0
The Front Bottoms,Back on Top,Historic Cemetery,401,23.28,27.78,99,50.89,401,11.47,96.26,81.05,59.85,17.96,13.22,7.73,0.5,4.74,0,0.25,4.74,12.47,5.49,0.75,12.97,6.73,8.48,8.73,2.74,22.19,6.98,3.24,2.49,0.75,1.5,0.25,15.71,2.99,12.72,5.49,2.24,2.74,0.75,0.25,2.74,0.25,4.99,3.24,1.25,1.25,0.5,0.5,0.25,0,0,0.25,11.97,5.99,0.25,0,0.25,0.5,1.75,5.99,0,0,0.25,0,0,0,0,0,1.5,0.5,0.5,0,0,0.5,2.74,0.25,0,0,0,0.25,0,0.75,0.25,1.25,0,3.24,0,0,0.25,0,2,0,10.22,16.71,0,2,12.22,0.75,0.5,1.25,5.74,6.98,4.74,0.25,0.25,0.25,0,0,0,11.47,0,7.23,0,0,2.24,2,0
The Front Bottoms,Back on Top,Laugh Till I Cry,366,28.52,6.87,99,85.13,122,6.83,95.63,80.05,61.48,24.04,20.49,15.3,0,4.92,0,0,3.55,14.21,7.38,0,13.11,9.56,4.1,6.01,0.82,21.58,3.55,5.46,4.1,2.19,1.37,0.82,14.75,0,14.75,1.91,1.64,5.19,1.37,3.55,3.55,0,10.93,7.65,3.28,3.83,1.64,2.19,0.55,0,1.64,0,13.39,8.47,0.55,1.09,0.55,0,3.55,6.56,0,0,0.55,0.55,0.55,0,0,0.55,3.28,3.28,0,0,0,0,1.91,0,0,0,0,0,0,0,0,0.27,0.55,0.27,0,0.27,0,0,0.27,0,5.19,13.11,0,3.55,9.84,1.37,0,0,7.38,9.29,4.37,0.82,0.27,0.27,0,0,0,7.92,0,4.1,0.27,0.27,3.28,0,0
The Front Bottoms,Back on Top,Motorcycle,292,22.86,96.86,88.22,78.31,48.67,4.45,95.55,79.79,61.64,19.86,17.12,6.16,4.11,6.85,0,0,2.74,14.38,5.14,0,10.62,7.53,5.82,8.22,0.68,15.75,11.64,4.11,5.14,4.45,0,0.68,11.3,0.68,10.62,2.4,0.34,2.4,1.71,1.37,2.05,0,7.19,5.48,1.71,2.4,2.05,0.34,0,0,0,0,17.12,4.79,1.37,0,0,1.37,0.68,11.99,0,0,0.34,0.34,0,0,0,0,1.37,0.68,0,0,0,0.68,1.37,0,0,0,0,0,0,0,0,1.37,0,0,0,0,0,0,0.68,0,14.04,14.38,0,1.71,6.85,4.45,0.34,2.4,7.88,3.08,4.79,1.37,1.71,1.37,0,0.34,0,12.33,1.03,8.22,1.37,0,0.68,1.03,0
The Front Bottoms,Back on Top,Plastic Flowers,293,14.15,44.09,95.79,45.94,97.67,12.63,97.27,82.25,62.46,22.53,13.31,7.17,1.02,3.75,0,1.37,9.22,16.38,8.19,0,10.24,9.22,7.17,7.17,3.07,23.55,5.8,4.44,6.83,1.37,2.39,3.07,23.55,2.39,21.16,6.83,1.37,4.78,8.87,0,4.44,0,5.46,3.41,1.71,3.07,2.05,1.02,0.68,0,0,0.34,13.65,2.73,0.34,0.34,0,0.34,2.05,10.92,0,0,0,0,0,0,0,0,1.02,0.68,0.34,0,0,0,1.02,0.68,0.68,0,0,0,0,0,0,0,1.37,3.07,0.68,0,0,0,0,0,13.31,8.53,0.34,2.05,6.48,0.34,0.68,0.68,5.46,1.02,7.17,4.78,1.02,0.68,0.34,0,0,15.36,0,4.78,0.68,0,8.19,1.71,0
The Front Bottoms,Back on Top,Summer Shandy,286,11.84,90.78,96.28,9.97,286,11.54,94.41,73.43,52.8,24.13,18.88,9.09,2.8,2.45,1.05,3.5,5.24,10.84,2.45,0,8.04,10.49,2.45,5.59,0,22.38,8.04,4.2,3.5,2.8,0,0.7,14.34,2.8,11.54,1.4,1.4,4.55,0.35,0,2.8,0,5.24,2.1,3.15,3.5,0.35,3.15,0,0,0,0,18.18,1.05,0,0,0,0,1.05,17.13,2.45,0,0.7,3.85,0,0,0,0,1.75,1.4,0,0.35,0,0,4.9,0,0,0,0,0,0,0,0,0,0,4.55,0,0,0,0,0,0,7.69,16.43,0,8.04,7.69,1.4,0,0.7,4.55,1.4,3.85,0,1.4,0,1.4,0,0,21.33,0,13.64,0,0,0.35,7.34,0
The Front Bottoms,Back on Top,The Plan (Fuck Jobs),301,3.68,11.48,97.09,72.29,75.25,14.29,95.02,76.74,58.47,27.24,20.6,14.95,0,5.65,0,0,6.64,15.95,3.99,0.66,8.64,9.97,7.97,6.64,1,20.6,7.97,2.66,3.32,1.33,1.33,1,19.93,2.66,17.28,6.64,1.33,1.99,3.99,0,1.33,0.33,10.3,5.65,2.33,2.66,1,1.66,0,0.33,0.33,2.33,12.96,4.32,0.33,0,0.33,0,1.66,7.64,0.66,0,0,0,0,0,0,0,1.33,0.33,0.33,0,0,0.66,5.32,0.33,0.33,0,0,0,0.66,0.33,0,1.33,1.33,1.33,0.33,0,0,0,0,0,6.31,4.65,0,0.33,1.99,1,0.66,1,5.32,0.66,10.3,3.32,1.33,0.66,0.33,0.33,0,13.95,0,7.31,0.66,0.33,2.99,2.66,0
The Front Bottoms,Back on Top,West Virginia,333,50.13,6.47,97.99,89.01,66.6,13.81,91.59,70.87,54.95,17.12,12.91,10.21,0,1.8,0.3,0.3,4.2,13.51,6.31,0.3,14.41,7.81,6.61,3.6,2.1,19.82,3.3,2.4,2.1,1.2,0,0.9,12.91,3.9,9.01,3.3,0,2.4,2.4,0,2.4,0,7.81,6.31,1.5,6.01,5.41,0.6,0,0,0,0,13.51,6.01,0.3,0,0,0.9,2.1,4.5,0.6,0.3,0.3,1.2,0,0,0,0,0.9,0,0,0.6,0,0.3,3,0.9,0,0,0,0,0,0.3,0.6,0.9,1.2,0.6,0,0.3,0,0,0,0,18.02,12.91,0.3,4.5,6.61,0.6,0,1.2,5.11,6.01,6.31,2.1,0,0,0,0,0,13.21,0,0.9,0.6,0.6,2.4,8.71,0
The Front Bottoms,End of summer (now I know),End of summer (now I know),296,22.9,5.22,99,29.32,148,7.43,98.31,81.42,64.53,25.34,18.92,14.53,0.34,4.05,0,0,6.42,14.53,5.74,1.35,15.2,12.84,3.72,4.39,1.01,21.96,5.07,8.11,0.68,0.34,0.34,0,18.92,4.05,14.86,4.39,1.01,3.38,0.68,0,2.36,2.7,2.03,1.35,0.68,0.68,0.34,0.34,0.34,0,0,0,5.74,1.35,0,0,0,1.01,0,4.39,0,0,0,0,1.01,0,0,1.01,4.05,4.05,0,0,0,0,3.38,0,0,0,0,0,0,0.34,0,0,0,0,0,0,0,0,0,0.34,12.84,11.15,0.34,3.38,8.11,0.68,0,0.34,9.12,5.74,6.08,3.72,1.35,1.35,0,0,0,11.82,0,6.08,0.34,0,5.41,0,0
The Front Bottoms,Going Grey,Bae,215,18.53,69.82,99,94.07,215,9.77,99.07,78.6,52.56,30.23,25.58,14.88,0,9.3,0,1.4,4.65,12.56,2.33,0,11.16,5.12,3.26,2.79,0.47,26.51,3.26,2.33,4.65,4.65,0,0,9.77,1.86,7.91,3.26,0.93,1.4,0,0.93,1.4,0,7.44,6.51,0.93,3.72,2.79,0.93,0.93,0,0,0,18.14,5.58,2.79,0,0,0,0,12.56,0,1.86,0,0,1.4,0,0,1.4,2.79,0,2.79,0,0,0,7.91,0,0,0,0,0,0,1.4,0,5.58,0.47,1.4,0,0,0,0,0,0.93,7.44,20.93,0.93,8.37,10.23,0.93,0,0,3.26,3.72,7.44,6.98,7.91,7.91,0,0,0,8.37,0,6.05,0,0,2.33,0,0
The Front Bottoms,Going Grey,Don't Fill up on Chips,263,1,13.34,99,30.6,23.91,7.98,95.44,73.38,60.08,27,22.81,13.69,1.52,6.08,0,0,4.18,17.49,4.56,0,7.22,10.27,8.37,5.32,8.75,21.29,3.8,1.52,4.18,3.42,0,0,20.15,5.7,14.45,6.46,3.04,2.66,0.38,0,2.28,0,5.32,3.04,2.28,1.9,1.14,0.76,0,0,0,0,16.35,4.56,0,0,0,1.52,0.76,11.41,1.14,0,0,0.76,0,0,0,0,3.42,0,0,2.66,0,0.76,7.22,0,0,0,0,0,0,0,0,1.52,1.14,0.76,0,3.04,0,0,0,0,13.31,13.69,0,0,9.13,0,0,4.56,3.04,5.7,11.79,0,0,0,0,0,0,19.77,0,4.94,1.9,2.28,8.75,1.9,0
The Front Bottoms,Going Grey,Everyone but You,208,1,31.97,98.25,7.33,208,8.65,94.71,87.02,63.46,28.37,14.42,7.21,0,7.21,0,0,13.94,10.1,3.85,0,8.65,12.02,5.29,10.1,4.81,25.96,8.65,3.37,0.96,0.48,0.48,0,22.6,9.13,13.46,1.44,1.92,3.37,0.48,0,9.62,0,8.17,3.37,4.81,6.25,1.92,4.33,0,2.88,1.44,0,15.38,1.92,0.48,0,0,0,0,12.98,0,0,0,0,0,0,0,0,0.96,0,0.96,0,0,0,0.48,0,0,0,0,0,0,0,0,0,0,5.29,0,0,0,0,0.48,0,10.1,12.02,0,1.44,7.21,0.96,0,3.37,6.25,3.37,9.62,0,0,0,0,0,0,12.02,0,3.37,0,0,8.65,0,0
The Front Bottoms,Going Grey,Far Drive,195,35.28,75.04,96.61,82.29,195,6.15,94.87,78.97,52.82,13.33,9.23,3.59,0,5.64,0,0,4.1,7.69,5.13,0,12.31,6.67,6.15,12.31,0.51,13.33,8.21,13.33,0,0,0,0,8.72,4.1,4.62,1.03,0.51,1.03,0.51,1.54,0.51,0.51,7.69,5.64,1.54,4.62,3.08,1.54,0.51,0.51,0,0.51,8.72,3.08,0,0.51,0,0,1.54,5.64,0,0,0,0,1.03,0,0,1.03,2.56,0,0,0,2.05,0.51,4.1,2.56,0,0,0,0,0,0.51,0,0,0.51,1.54,0,0,0,0,0,0,12.82,22.56,0.51,4.1,15.9,2.05,0,0.51,4.1,2.05,3.59,1.03,1.03,0.51,0.51,0,0,9.23,0,3.59,0,0,2.56,3.08,0
The Front Bottoms,Going Grey,Grand Finale,193,57.73,77.72,99,14.55,193,9.84,93.26,64.77,49.74,20.73,15.54,8.29,3.63,3.63,0,0,5.18,13.99,6.22,0.52,16.06,6.74,4.15,4.15,0.52,11.92,10.36,3.63,4.15,4.15,0,0,6.74,0.52,6.22,4.15,0.52,0.52,0.52,0,0.52,0,9.33,4.15,4.66,3.11,0.52,2.07,0,0,0,0,11.92,3.11,0.52,0,0,0,2.59,8.81,0,0,0,1.55,2.59,0,0,2.59,3.11,0,2.59,0,0.52,0,7.25,0.52,0,0,0,2.59,0,2.59,1.55,1.55,0.52,0.52,2.59,0,0.52,0,0,1.04,5.18,16.58,0,2.07,12.95,0.52,0,1.55,12.95,0.52,6.74,1.04,0.52,0.52,0,0,0,11.92,0,4.66,0,0,6.74,0.52,0
The Front Bottoms,Going Grey,Ocean,247,14.06,13.45,96.8,1,41.17,5.67,91.5,81.38,68.02,22.27,18.22,12.55,0,5.67,0,0,4.05,10.12,7.29,0,16.6,16.6,7.69,6.48,1.62,25.91,4.05,0.4,0.81,0,0,0.81,10.93,1.62,9.31,0.81,1.21,2.02,2.43,0,3.64,0,6.48,0.81,5.67,4.45,0,4.45,4.45,0,0,0,8.91,2.43,0.81,0.81,0,0,0.81,6.48,0,0,0,0.4,0,0,0,0,0.4,0.4,0,0,0,0,6.07,0.81,0,0,0,0,0,0,0,0,0,0,0,0,0,0,0,0,2.02,11.74,0,2.02,9.31,0.81,0,0,2.02,4.45,8.91,0,0.4,0.4,0,0.4,0,15.79,0,4.45,2.02,0,8.1,1.21,0
The Front Bottoms,Going Grey,Peace Sign,221,5.97,71.44,12.44,99,221,9.05,93.21,72.4,50.68,23.98,15.84,2.26,0.45,1.81,10.86,0.45,8.14,9.05,4.07,0,7.24,10.86,5.43,3.62,4.52,22.62,9.95,0,0.45,0.45,0,0,10.86,1.36,9.5,1.81,1.81,2.26,0.9,0,3.62,0.45,9.5,9.05,0.45,3.62,3.17,0.45,0,0,0,0,16.29,2.71,0,0,0,0,1.36,13.57,0,0,8.14,2.71,0,0,0,0,3.17,2.26,0,0,0,0.9,5.88,0.45,0.45,0,0,0,0,0,0,0,0.45,0.9,0,0,0,0,0.45,0.9,7.24,19,0,1.36,10.41,3.62,3.17,0.45,5.43,1.81,8.6,4.98,0.45,0.45,0,0,0,13.57,0,6.33,0,0,6.79,0.45,0
The Front Bottoms,Going Grey,Raining,254,11.1,80.92,99,57.15,12.1,5.91,95.28,91.34,64.17,24.8,17.32,8.27,0,8.27,0,0.39,7.48,13.78,4.33,0,10.63,12.2,8.27,1.97,0.39,30.31,5.51,1.97,0.39,0.39,0,0,27.95,1.57,26.38,22.44,7.87,1.57,0.39,0,1.57,0,2.36,2.36,0,0.79,0.79,0,0,0,0,0,9.84,0.39,0,0,0,0,0.39,9.45,0,0,0,0,0,0,0,0,0.39,0,0.39,0,0,0,1.57,0.79,0.79,0,0,0,0,0,0,0,0,1.18,0,0,0,0,0,0,4.72,13.39,0,1.57,4.33,0.39,0,7.87,0.39,10.63,0.79,0,4.33,0,3.94,0.39,0,11.81,0,3.15,7.87,0,0.79,0,0
The Front Bottoms,Going Grey,Trampoline,200,2.5,57.93,99,67.48,200,16,95.5,74.5,59,28,23,11,5,7,0,0,5,5.5,3,0,11.5,11.5,3,10.5,4,19,8,0.5,13.5,9,4.5,0,17,0,17,3,1,3.5,4,1,5.5,0,12,7,4,3.5,1.5,1.5,1.5,0,0,0.5,15,3,0,0,0,2,0.5,12,0,0,0,0,0,0,0,0,3.5,0,3,0,0,0.5,1,0.5,0,0,0,0,0,0,0,0,0.5,0.5,0,0,0,0,0,0,10.5,10.5,0.5,2,8,0.5,0,0,6.5,2,11,0,0,0,0,0,0,20.5,0,8.5,0,0,11,1,0
The Front Bottoms,Going Grey,Vacation Town,268,50.43,11.39,99,55.04,268,15.67,93.66,72.01,55.22,19.03,12.31,9.33,0.37,2.61,0,0,6.72,14.18,8.96,0,12.69,7.84,4.85,4.48,1.87,17.91,5.22,4.48,1.12,0.37,0,0.75,11.57,4.1,7.46,0.75,2.24,1.49,1.12,0,2.61,0,4.1,2.99,0.75,1.49,1.12,0,0,0,0,0.37,10.82,1.49,0,0,0.37,0,0.75,4.85,0,0,0,0,0.75,0,0,0.75,5.6,2.61,2.99,0,0,0,2.61,0.37,0,0,0,0.37,0,0,0,0,1.12,1.49,0,0,0,0,0,0.75,7.46,17.16,0.75,1.49,14.18,1.12,0,0.75,5.6,2.61,3.73,1.12,1.49,0.37,1.12,0,0,12.69,0,5.6,0,0,4.85,2.24,0
The Front Bottoms,Going Grey,You Used to Say (Holy Fuck),132,51.97,23.94,91.71,42.71,44,6.82,96.21,90.15,62.12,18.94,15.15,9.09,0,6.06,0,0,3.79,9.09,3.03,0,24.24,15.15,6.82,0,2.27,34.85,8.33,0.76,0,0,0,0,15.15,2.27,12.88,6.82,6.06,3.03,0,0,0,0,11.36,4.55,3.03,2.27,0,2.27,0,2.27,0,3.79,11.36,5.3,0,0,0,0.76,4.55,6.06,0,0,0,0,0,0,0,0,4.55,0,0,0.76,0,3.79,4.55,0,0,0,0,0,0,0,3.79,0,0,1.52,0,0,0,0,0,0,2.27,12.88,0,3.03,9.09,0.76,0,0,0.76,3.03,6.82,7.58,0,0,0,0,0,15.91,0,8.33,1.52,0,4.55,1.52,0
The Front Bottoms,Needy When I'm Needy,Joanie,331,1,3.28,96.04,97.79,165.5,5.74,93.05,82.78,63.44,24.77,19.94,14.5,0.3,5.14,0,0,4.83,11.18,2.72,1.21,7.25,11.78,9.67,9.67,1.51,21.15,12.39,3.32,1.51,0.91,0,0.6,17.82,1.51,16.01,3.02,0.6,4.53,5.14,0,5.74,0,8.76,7.55,0.91,0.91,0.6,0.3,0,0.3,0,0.3,9.97,3.93,0.3,0,0,1.81,0.3,6.04,0.3,0,0,0.3,0,0,0,0,0.91,0,0,0,0.91,0,6.65,0.3,0,0,0,0,0,5.14,0,0,0,1.21,0,0.3,0.6,0,0,0,12.08,10.88,0.3,0.91,3.32,0.3,0,1.21,4.83,0.91,4.53,1.21,1.21,0,0.6,0.6,0,11.18,0,4.53,0.3,0,5.14,1.21,0
The Front Bottoms,Needy When I'm Needy,Tighten Up,318,2.94,3.51,83.95,1,318,4.09,96.54,83.65,62.58,25.79,20.13,8.81,0.63,3.77,3.77,2.83,5.66,13.52,2.83,0.63,12.26,10.69,2.2,5.03,12.89,22.33,9.43,2.52,2.2,1.26,0,0.94,21.38,3.77,17.3,7.55,1.57,0.63,4.72,0.31,5.66,0,10.69,0.31,10.38,10.06,0.31,9.75,0,0,0,0,15.09,2.83,0.31,0.63,0.31,0.31,0.94,12.58,0,0,0,4.09,0,0,0,0,1.57,0,0,0,0.94,0.63,3.14,0.63,0.31,0,0,0.31,0,0,0.31,0.63,0,0.31,0,0,0.63,0,0.31,0,14.15,12.26,0,0.63,1.89,0.94,0.31,8.49,3.46,1.26,13.84,4.4,0.94,0.63,0,0.31,0,16.98,0,5.97,0,0,11.01,0,0
The Front Bottoms,Rose,12 Feet Deep,396,1,81.31,64.74,51.32,99,4.8,97.22,83.59,65.66,22.98,18.69,8.84,4.8,4.55,0,0.25,4.29,10.35,1.52,1.01,11.36,18.69,8.59,9.6,2.27,31.57,4.8,4.8,6.31,5.81,0.51,0,14.65,3.54,11.11,0.76,3.03,4.8,1.01,0,1.77,0,4.04,3.03,1.01,0.76,0.76,0,0,0,0,0,13.38,2.27,0,0,0,1.01,0.25,11.11,0.51,0.51,0,0,0,0,0,0,4.29,0.76,1.52,2.02,0,0,6.06,1.01,0,0,0,0.76,0,0,0,1.52,0.25,2.27,0,0,0,0,0.25,0,14.65,13.38,0,1.77,8.33,2.02,0.25,1.52,3.54,2.78,10.35,6.57,1.01,0.25,0.76,0,0,13.38,1.52,4.04,0.25,0,7.07,0.51,0
The Front Bottoms,Rose,Awkward Conversations,300,7.74,88.56,69.95,16.44,100,13.67,91,78,62.67,23,17,6.33,1,8.67,1,0,6,12.67,4,0.33,11,12.33,6,7.67,1.33,24,6,2.67,3.33,2,0.67,1,15.67,2.67,13,3,1.33,3,0.67,0.33,3.67,0,3.33,1.33,1.67,0.33,0.33,0,0,0,0,0.33,14.33,2.67,0,0,0,0,1.67,11.67,0,0.33,0,1.67,0,0,0,0,2.67,0.33,2,0,0.33,0,3,2,0,0,0,2.33,0,0.67,0,0,2.33,1.33,0,0,0,0.33,0,0,8.67,12.33,0,2.33,8.33,0.33,0.33,2,1.33,4.33,5,2,1,0.67,0.33,0,0,7.67,1,1.67,0.33,0,4,0.67,0
The Front Bottoms,Rose,Be Nice To Me,342,3.25,59.2,99,28.01,48.86,12.87,96.2,80.7,60.23,26.32,19.3,9.65,3.22,5.56,0,0.88,7.02,9.94,4.97,0,8.77,13.16,6.73,6.14,2.34,25.44,8.48,2.34,5.56,3.8,1.46,0.29,14.33,1.75,12.57,2.63,1.46,2.63,0.88,0,4.09,0.29,4.97,2.63,2.05,1.17,0.29,0.58,0.29,0,0.29,0,14.91,4.39,0.29,0,0.58,0.29,2.92,10.53,0,0.58,0,0,0.29,0,0,0.29,1.75,0.88,0.58,0.29,0,0,1.46,0,0,0,0,0,0,0,0.29,1.17,0.58,0.29,0.29,0.29,0,0.29,0,0.29,7.31,16.67,0,6.73,7.02,1.46,0.58,1.17,4.68,3.8,10.23,1.17,0.88,0.29,0,0.58,0,16.67,0,5.26,1.75,0,7.89,1.75,0
The Front Bottoms,Rose,Flying Model Rockets,206,50.17,1.91,97.67,14.87,206,16.02,93.2,78.16,63.11,17.96,12.14,9.22,0.49,0.97,0,1.46,5.83,18.93,8.25,0.97,16.99,13.11,4.85,3.88,1.94,20.87,7.77,3.4,4.37,2.43,0.97,0.97,16.02,4.37,11.65,4.37,0,1.94,1.46,0,5.34,0,4.37,1.94,2.43,2.43,0.97,1.46,0,0.49,0,0.97,12.14,8.25,0.97,0,0,0,2.91,3.88,0.97,0,0,0.97,0.97,0,0,0.97,0.97,0,0.97,0,0,0,2.91,0.97,0.97,0,0,0,0,0,0,0,0,0.97,0,0,0,0,0.97,0.97,8.25,9.71,0.49,0.97,6.8,0.49,0,1.46,4.37,6.8,2.91,2.43,0.49,0,0,0.49,0,13.59,0,2.91,0,0,6.8,3.88,0
The Front Bottoms,Rose,Jim Bogart,351,1,87.78,20.98,77.5,351,5.7,97.15,80.91,73.5,29.91,19.66,5.98,2.85,7.41,1.42,1.99,10.26,11.97,2.85,0.28,9.97,19.37,5.13,8.83,5.13,24.79,2.28,2.85,4.27,3.13,1.14,0,18.23,3.13,14.81,0.85,0.28,5.98,4.84,0,3.99,0,3.7,3.7,0,1.42,1.42,0,0,0,0,0,17.95,3.7,0.28,0,0,0,1.99,14.25,0,0,1.14,0.28,0,0,0,0,1.99,0.57,0.57,0.57,0,0.28,7.12,5.13,0,0,0,0,0,0,0,0,1.14,0.28,0,0,0,0,0,0,6.84,4.27,0,1.14,2.56,0,0.28,0.28,6.55,3.99,9.12,2.56,0.57,0,0.57,0,0,14.25,0,5.41,0,0,5.41,3.42,0
The Front Bottoms,Rose,Lipstick Covered Magnet,429,11.5,37.38,68.31,3.37,61.29,6.53,98.14,78.32,62,23.78,17.48,10.26,1.17,3.26,2.1,0.7,6.29,12.59,5.36,0,14.92,17.25,2.8,7.69,1.17,30.3,3.73,2.33,2.56,2.1,0.23,0.23,9.09,2.8,6.29,1.63,1.63,2.33,0,0,0.93,0,6.53,2.1,4.43,2.1,0.47,1.63,0.7,0,0.7,0,15.85,8.16,1.4,1.17,0.7,0.47,4.66,7.46,0,0.23,1.86,0.23,0.47,0,0,0.47,1.63,1.17,0.23,0.23,0,0,8.39,2.33,1.4,0.23,0,0,0,0,0.93,0,0.7,2.33,0.23,0,0,0,0.23,0,10.72,9.79,0.23,3.03,5.59,0,1.17,1.17,3.73,3.03,10.72,5.36,1.86,1.86,0,0,0,14.22,0,2.33,1.4,0,8.62,1.86,0
The Front Bottoms,Talon Of The Hawk,Au Revoir (Adios),188,1,59.05,94.89,9.87,62.67,5.85,86.7,77.13,55.32,30.85,19.15,9.04,0,7.98,2.13,0,11.7,4.26,0,0,4.26,10.11,10.11,4.79,5.32,31.38,2.66,0,0,0,0,0,25,0,25,13.83,1.06,1.6,5.85,1.6,0.53,0,1.06,0,1.06,1.06,0,1.06,0,0,1.06,0,14.89,4.79,0,2.13,0,0,2.66,10.11,0,0,2.13,0,1.06,0,1.06,0,1.06,0,0,0,1.06,0,0,0,0,0,0,0,0,0,0,0,1.06,0,1.06,0,0,0,0,0,9.04,5.32,0,4.26,1.06,0,0.53,0,2.13,0.53,15.43,1.6,1.6,1.06,0,0,0.53,17.55,0,5.32,1.06,0,7.98,3.19,0
The Front Bottoms,Talon Of The Hawk,Backflip,413,22.81,9.54,95.3,41.68,413,8.72,91.53,79.18,60.53,19.13,15.01,10.65,0,2.66,0.48,0.97,4.12,15.74,7.26,0.73,10.9,8.96,7.51,6.78,2.18,19.13,6.78,4.36,2.91,1.21,1.69,0,13.8,2.18,11.62,4.36,1.94,3.63,1.69,0,2.18,0,3.87,2.66,1.21,1.21,0.48,0.73,0,0.24,0.48,0,8.72,3.39,0.24,0.24,0,0.48,2.42,5.33,0,0.97,0.24,0.97,0.48,0,0,0.48,0.73,0,0.48,0.24,0,0,1.69,0,0,0,0,0,0,0.24,0.24,0.24,0.24,0.48,0,0,0,0,0.73,0.24,11.14,13.32,0.24,1.69,7.99,2.66,0.24,0.97,4.6,0.73,7.75,2.66,1.69,0,0.48,1.21,0,11.14,0,6.3,0,0,3.87,0.97,0
The Front Bottoms,Talon Of The Hawk,Everything I Own,336,6.73,3.12,99,32.62,84,9.52,97.92,83.63,64.58,25.6,17.56,12.2,1.19,3.57,0,0,8.04,11.31,5.06,0,12.8,11.01,7.14,7.14,3.27,24.4,6.25,2.38,3.87,1.49,1.79,0.6,18.75,3.57,14.88,3.57,0.89,2.08,3.57,0.6,5.65,0,7.14,3.87,2.98,4.17,1.49,2.38,0,0,0.6,0,10.71,4.17,1.19,0.3,0,1.19,0.89,5.65,0,0,0,0,0,0,0,0,2.68,1.79,0.3,0,0,0.6,1.79,0.6,0.6,0,0,0,0,0,0,0.89,0.3,2.68,0,0,0.6,0,0,0,10.71,11.9,0.3,4.17,6.25,0.3,1.49,1.19,8.63,3.27,9.23,3.27,0.89,0.89,0,0,0,11.9,0,5.06,0.89,0,5.95,0,0
The Front Bottoms,Talon Of The Hawk,Funny You Should Ask,420,1,24.76,96.79,90.5,140,8.57,95.95,86.9,67.38,27.62,19.52,11.67,0.24,7.14,0.24,0.24,8.1,9.05,3.33,1.19,9.76,18.81,6.9,6.19,3.57,31.9,6.19,2.38,2.14,0.95,0.95,0.71,21.67,0.95,18.57,4.76,1.9,4.52,2.86,0,5.24,0.71,5.95,5.48,0.48,2.38,2.38,0,0,0,0,0,15.71,5.48,2.14,0,0.24,0,2.14,10.24,0.48,0.48,0.24,0,0.24,0,0.24,0,1.43,0.48,0.48,0.24,0.24,0,1.67,0,0,0,0,0.24,0.24,1.19,0,0.48,0.71,0.24,4.29,0,0,0,0,0,9.29,5.71,0.48,1.43,3.57,0.71,0.24,0.24,6.43,8.81,9.05,1.67,0.71,0.71,0,0,0,19.76,0,5.48,0,0.48,9.76,4.05,0
The Front Bottoms,Talon Of The Hawk,Lone Star,264,34.07,29.56,77.86,20.23,132,17.42,92.05,75.76,57.2,16.67,14.39,8.33,1.89,2.27,0.76,1.14,2.27,15.15,4.55,2.65,12.12,4.55,6.82,8.71,1.89,16.29,5.3,7.95,3.41,2.27,0.38,0.76,15.15,2.27,12.88,2.65,3.03,2.27,2.65,0,3.41,0,2.27,1.14,1.14,0.76,0,0.76,0,0,0.76,0,12.88,5.3,0,0.38,0,0,3.79,7.58,0.76,0.38,1.14,0,0,0,0,0,4.55,0.38,0,1.14,2.27,1.52,7.2,0.38,0,0,0,0,0.38,0,1.14,0,0.38,1.52,0,0,0,0,0.76,0,7.2,10.23,0.38,1.52,5.3,2.65,0,1.14,4.17,4.17,3.03,2.65,1.14,0.76,0.38,0,0,9.85,0,5.3,0.38,0,1.52,2.65,0
The Front Bottoms,Talon Of The Hawk,Peach,271,1,80.5,94.5,60.83,135.5,9.23,94.1,78.97,66.79,26.57,23.62,11.44,0.37,11.07,0,0,2.95,15.13,4.8,1.85,10.33,15.87,10.7,6.27,3.32,23.25,2.95,5.17,0.37,0.37,0,0,13.65,3.69,9.96,4.06,1.85,1.85,1.11,0,1.85,0,4.8,3.69,1.11,3.32,3.32,0,0,0,0,0,19.93,6.27,0,0,0.37,0.74,1.48,12.55,0,0,0,0,0,0,0,0,0.74,0,0,0,0.37,0.37,3.32,0.74,0.74,0,0,0,0,0,0,0.37,0.37,0,0,0,0,0,0.37,0,6.64,7.01,0,1.11,2.95,1.85,0,0.74,7.38,0.74,11.44,4.43,2.58,1.11,0.74,0,0.74,14.02,0,5.54,0.37,0,7.01,1.11,0
The Front Bottoms,Talon Of The Hawk,Santa Monica,295,29.33,89.04,70.06,73.26,295,16.61,97.29,77.29,55.93,20,15.93,9.49,1.36,4.07,0,0.68,4.07,10.51,5.76,0.34,12.88,12.54,5.76,3.73,0.34,19.32,14.92,2.03,6.1,4.41,0,1.69,12.88,0.34,12.54,2.71,1.69,3.39,3.39,0,3.39,0,13.22,4.75,1.36,8.47,0.34,1.02,0,0,0.68,0,21.02,3.05,0.34,0,0,0,2.71,17.63,4.75,0,1.36,7.46,0,0,0,0,2.03,0.34,1.36,0,0,0.34,2.03,0,0,0,0,0,0,1.02,0.68,0,3.05,0.34,0,0.68,0,0,0,0,3.05,11.86,0.68,0.34,7.12,0.34,2.03,2.37,1.36,3.05,6.44,2.71,2.37,2.37,0,0,0,10.51,0,6.1,0,0,4.07,0.34,0
The Front Bottoms,Talon Of The Hawk,Skeleton,381,14.62,2.82,99,48.19,190.5,3.94,91.34,74.8,58.27,19.95,18.11,13.39,0,2.89,1.05,0,1.84,11.55,7.61,0.52,11.29,7.61,10.24,8.92,2.62,17.59,6.04,3.41,1.31,0.26,0.52,0.52,12.6,3.94,8.14,2.62,1.31,1.05,0.52,0,3.41,0,3.41,2.62,0.79,1.84,1.31,0.52,0,0,0,0.26,7.35,1.31,0,0,0,0,1.05,5.77,0.52,0,0.79,0.26,0.26,0,0,0.26,1.05,0,0.52,0.26,0.26,0,6.04,0.52,0.26,0,0,0,0,0.52,0,0,0,3.94,0,0,0,0,0.26,0.79,6.04,18.37,0,3.41,15.75,0.26,0.26,1.31,4.99,3.15,7.61,0.26,0.26,0.26,0,0,0,12.6,0,6.3,0.26,0,5.25,0.79,0
The Front Bottoms,Talon Of The Hawk,Swear To God The Devil Made Me Do It,243,9.12,24.65,98.13,15.62,243,11.11,91.36,77.78,61.73,25.51,20.58,12.76,0.41,3.7,0.41,2.88,4.94,12.76,4.12,0.82,11.52,10.29,6.17,6.58,1.23,23.05,3.7,2.88,2.06,0.82,0.82,0.41,15.23,1.23,13.99,4.12,1.65,2.47,3.7,0.41,2.88,0,5.76,2.06,2.47,0.82,0,0.82,0,0,0,1.23,16.05,5.35,0,0,0,2.47,0,11.11,1.23,0,0.82,0,0,0,0,0,3.7,1.65,0.41,0,0.82,0.82,5.76,0,0,0,0,0,0,0,0,0,1.23,0.41,0,0,0,0.41,1.65,0,13.17,9.88,0,0.41,8.64,0.82,0,0,3.7,2.06,9.88,2.06,1.23,1.23,0,0,0,13.99,0,5.35,0,0,4.12,4.53,0
The Front Bottoms,Talon Of The Hawk,Tattooed Tears,366,1,10.03,86.97,85.13,122,11.48,97.27,85.52,66.94,22.95,13.93,7.65,3.01,2.19,1.09,0,9.02,11.2,1.91,0.27,12.84,21.86,9.84,5.46,7.38,35.79,6.83,1.09,6.01,4.64,0,1.37,19.4,4.92,14.48,5.74,3.01,1.91,1.64,0.82,3.55,0,6.56,5.46,1.09,3.28,3.28,0,0,0,0,0,16.67,10.11,0,0,0,0.27,2.19,6.56,0,0,1.09,0,0,0,0,0,2.19,1.64,0.27,0.27,0,0,3.01,0.55,0,0,0,0,0,0,0,5.19,0.55,0.27,0.55,0,0,0,0,0,13.11,8.2,0.55,2.19,3.28,0.55,1.91,0.82,4.92,1.91,9.02,10.93,3.55,2.73,0,0.82,0,15.3,0.27,4.1,0.27,0,7.92,2.73,0
The Front Bottoms,Talon Of The Hawk,The Feud,325,1,49.21,73.25,8.68,162.5,7.38,97.85,84.62,71.38,37.23,31.69,17.54,0,8.31,5.85,0,5.54,9.23,5.23,0,4,14.46,9.54,6.77,4,25.85,2.46,0.62,0.92,0,0.62,0.31,17.23,0.62,16.62,5.23,0.62,4.92,6.46,0,1.54,0,3.69,1.23,2.46,0.92,0.62,0.31,0,0,0,0,24.62,8.31,0.92,0,0,0,3.69,16.31,0.62,0.62,3.38,4,0,0,0,0,0.31,0,0.31,0,0,0,0.92,0,0,0,0,0,0,0.62,0,0.31,2.15,0,0,0,0.31,0.31,0,0,5.54,8.62,0,1.54,3.08,0,5.23,0,3.38,3.08,11.08,3.69,3.38,0.31,0,3.08,0,25.85,0,13.23,0,0.31,9.23,3.08,0
The Front Bottoms,Talon Of The Hawk,Twin Size Mattress,347,28.84,62.29,87.63,56.18,347,11.82,92.51,74.06,60.52,22.19,16.43,8.07,0.58,6.34,0.29,1.15,5.76,15.56,6.63,0,13.83,10.66,2.88,6.63,2.02,19.6,3.75,3.46,3.17,2.59,0.29,0.29,13.54,2.59,10.95,2.31,1.73,2.31,2.59,0.29,2.59,0,7.2,4.32,2.02,1.73,0.86,0.29,0,0,0,0.29,14.7,4.61,1.15,0,0.29,0.86,1.44,9.8,0,0.86,0.29,0.29,0,0,0,0,3.46,1.44,1.15,0.58,0,0.29,4.03,0,0,0,0,0.29,0,0,0,0.29,0.86,0.58,0,0,0.29,0,0.86,0,8.93,15.56,2.59,2.31,6.92,1.73,2.31,0.29,4.9,4.32,5.19,3.75,2.02,1.73,0,0.29,0,11.24,0,5.48,0,0,4.32,1.44,0
The Front Bottoms,The Front Bottoms,Bathtub,307,15.46,3.08,89.66,50.2,61.4,11.07,92.51,77.85,60.59,24.76,19.54,14.98,0,1.95,2.28,0,5.21,15.31,4.56,0,11.07,11.73,2.93,3.91,2.28,21.82,4.23,2.61,0.65,0.65,0,0,11.4,5.86,5.54,1.63,0.33,2.28,0.33,0,1.63,0.33,3.91,2.93,0.98,1.3,0.65,0.65,0.65,0,0,0,10.42,4.23,0.65,0.65,0,0,2.93,6.19,0.98,0,1.3,1.63,0.98,0,0,0.98,0.98,0.65,0.33,0,0,0,9.12,3.26,0.33,0,0,0,0,0,0,0,0,0.98,0,0,0,0,0,0,7.49,8.47,0.65,1.95,5.54,0.33,0,1.3,3.91,0.65,12.7,0.33,2.61,0,1.95,0.65,0,13.68,0,7.82,1.3,0,1.95,2.61,0
The Front Bottoms,The Front Bottoms,Father,409,9.65,54.64,56.86,26.64,81.8,9.29,97.56,80.2,65.04,21.52,17.11,10.27,0,4.89,1.96,0,4.4,15.16,5.13,0,11,12.71,5.62,9.29,0.73,19.56,10.51,5.38,4.65,4.4,0,0.24,12.96,1.71,11.25,0.49,1.71,2.44,1.47,2.93,2.44,0.24,3.18,1.71,1.22,1.22,0.73,0.49,0,0,0.24,0.24,15.16,1.22,0.24,0,0.24,0,0.49,11.25,1.22,2.69,3.42,2.44,0.73,0,0.49,0.24,3.18,0.98,0.73,1.47,0,0,1.71,0,0,0,0,0,0,0,0.24,0,0.98,0.24,0,0,0,0,0.49,0,18.34,7.09,0.49,1.96,5.13,0.49,0.24,0,3.18,5.62,4.4,3.42,3.18,0,3.18,0,0,12.22,0,5.62,0.98,0,3.18,2.44,0
The Front Bottoms,The Front Bottoms,Flashlight,564,4.72,34.01,88.18,47.08,80.57,10.99,93.26,81.91,65.07,20.92,18.09,10.46,0.89,4.08,1.6,1.06,2.84,9.04,3.55,0.53,12.23,11.88,10.46,9.93,1.24,20.39,5.5,2.3,1.42,0.89,0.35,0.18,11.35,3.9,7.45,1.24,0.35,3.19,1.42,0,1.95,0,6.38,4.08,2.3,4.96,3.19,1.77,0,0.35,1.42,0.18,13.12,4.79,0.71,0.71,0,0,2.84,7.8,0,0,1.06,0.53,0.89,0,0,0.89,2.3,0,1.24,0.35,0,0.71,1.77,0.35,0,0.35,0,0,0,0.18,0,0.71,0,1.6,0.18,0,0,0,0,0,10.82,14.18,0,1.42,10.46,2.13,0.71,0,3.9,0.89,11.52,1.24,3.9,0.18,3.01,0.71,0,22.52,4.79,7.45,0,0,4.08,6.21,0
The Front Bottoms,The Front Bottoms,Hooped Earings,317,1,72.69,98.99,16.63,24.38,5.36,94.95,84.54,69.72,20.19,12.93,2.84,0,9.15,0.95,0,7.26,12.62,2.84,0,5.99,15.77,17.35,9.15,5.36,26.81,2.84,2.84,1.26,0.95,0,0.32,17.67,4.42,13.25,0.95,0.63,3.47,5.05,0.63,6.31,0.32,1.58,0.63,0.95,0.63,0.32,0.32,0,0,0.32,0,14.2,3.15,0.32,0,0,0,2.21,11.04,0.95,0,1.89,0,0,0,0,0,3.15,0,2.84,0,0.32,0,1.58,0,0,0,0,0,0,0,0,2.84,0,0.32,0,0,0,0,0,0,11.99,11.36,0.32,3.15,10.41,0.63,0.32,0,11.67,1.89,11.36,3.47,5.68,3.15,1.26,1.26,0,15.46,5.05,4.1,0.63,0.95,4.73,0,0
The Front Bottoms,The Front Bottoms,Legit Tattoo Gun,320,3.25,1,95.54,16.66,45.71,5.63,94.06,81.25,66.88,20.31,17.5,13.44,0.31,0.63,1.56,0.94,2.81,14.38,8.75,0,6.88,14.69,10,7.19,4.38,20.31,11.88,2.19,0.31,0.31,0,0,13.13,1.56,11.56,2.81,0.94,1.25,2.81,0,5.31,0,5.63,2.5,2.81,2.19,1.25,0.63,0,0,0.31,0,8.13,1.88,0,0,0,0.31,0.94,5,0,0,1.56,0.63,0,0,0,0,1.88,0.94,0,0,0,0.94,3.75,0.31,0,0,0,0,0,0,0,0,0,0.63,1.88,0,0,0,1.56,0,7.19,9.69,0,1.25,5.94,0.94,0.63,1.56,1.56,2.81,10.31,1.56,2.5,0.63,0.31,1.56,0,15,1.25,5.94,1.25,0,4.69,1.88,0
The Front Bottoms,The Front Bottoms,Looking Like You Just Woke Up,206,17.98,24.5,72.16,99,206,14.56,97.09,75.24,58.74,18.93,14.56,8.74,1.46,3.88,0,0.49,4.37,12.62,7.28,0,14.56,9.71,9.71,8.25,3.88,19.9,11.17,1.94,1.94,1.94,0,0,12.62,1.94,10.68,0.97,0.49,0,3.4,1.94,3.88,0,19.42,15.53,3.88,8.25,6.31,1.94,0,0,0,0,15.53,5.34,0,0,1.46,0.49,0.49,8.25,0,0.49,0.49,0.49,0,0,0,0,1.94,0.49,1.46,0,0,0,2.91,1.94,1.94,0,0,0,0,0,0.97,0,0,1.46,0,0,0,0,1.46,0,14.08,10.19,0,1.94,3.88,2.43,0,2.43,1.94,1.46,5.83,4.85,2.91,0,2.91,0,0,12.62,0,3.4,0,0,8.25,0.97,0
The Front Bottoms,The Front Bottoms,Maps,427,10.3,72.4,96.47,6.23,61,8.9,96.49,84.07,65.57,23.42,19.67,8.9,0,8.2,0.94,1.64,3.75,10.77,5.62,0.47,12.65,12.88,6.32,7.49,1.41,24.59,7.26,3.28,2.11,0.23,1.87,0,13.35,0.23,13.11,3.51,1.17,2.81,3.28,0,3.51,0,6.56,1.87,3.51,3.04,0.94,1.87,0,0.7,0.23,0.94,15.22,3.04,0,0,0,0.23,1.17,12.18,0,0.23,0.94,0,0,0,0,0,3.28,0,1.41,0.94,0,0.94,3.28,0.47,0,0,0,0,0,0.47,0,0,0.47,1.87,0,0.7,0,0,0,0,9.84,17.56,0,3.28,10.3,2.34,0.47,1.41,2.34,5.39,6.32,2.11,0.23,0.23,0,0,0,14.05,0,3.28,1.41,0,3.51,5.85,0
The Front Bottoms,The Front Bottoms,Mountain,185,13.99,52.96,98.19,20.23,185,14.59,85.41,67.57,54.59,25.95,23.24,11.35,0,4.32,2.16,5.41,2.7,10.81,3.24,0.54,14.05,9.19,7.57,4.86,0.54,18.92,4.32,3.78,0.54,0,0.54,0,8.11,0,8.11,0,0,1.62,5.41,1.08,2.16,0,1.08,0.54,0.54,1.08,0.54,0.54,0,0,0,0,15.68,3.78,0,0,0,0,3.24,11.89,0,0,2.16,0,3.24,0,0,3.24,3.78,0.54,1.62,0,1.62,0,0.54,0,0,0,0,0,0,0,0,2.16,0,6.49,0,0,0,0,0,0,10.81,15.14,0.54,1.62,10.81,2.7,0.54,0,7.57,3.24,3.78,5.95,3.24,3.24,0,0,0,7.57,0,0,0,0,7.57,0,0
The Front Bottoms,The Front Bottoms,Rhode Island,308,9.62,36.33,43.42,61.07,308,13.31,88.64,70.13,56.17,20.45,16.23,7.14,0.65,2.27,4.87,1.3,4.22,13.31,5.19,0,9.74,8.12,12.01,4.87,3.25,18.18,3.9,1.95,4.55,2.92,1.62,0,16.23,1.95,14.29,3.57,1.62,3.25,4.87,0.65,2.6,0,4.87,2.6,0,1.62,1.62,0,0,0,0,2.27,14.94,2.92,0,0,0,0.32,1.62,11.69,0,1.95,4.22,1.62,0.65,0.32,0,0.32,1.3,0,0.65,0.32,0.32,0,2.92,0,0,0,0,0,0.65,0,0,0.32,0.32,2.27,0,0,0,0,0.32,0.65,6.17,12.34,1.3,1.95,6.49,1.3,0.65,0.97,3.57,1.3,7.14,1.62,1.95,0.97,0.65,0.32,0,21.1,0,4.87,0,0,4.87,11.36,0
The Front Bottoms,The Front Bottoms,Swimming Pool,439,22.73,50.92,95.65,26.16,27.44,10.02,94.08,76.54,63.78,21.87,16.86,8.43,0,7.29,0.23,0.68,5.01,17.08,8.66,1.59,13.21,13.44,7.29,4.1,1.59,20.5,6.61,2.51,1.37,0,1.14,0.23,10.48,1.37,9.11,2.73,0.91,2.05,1.37,0.91,1.37,0,7.52,2.96,2.51,1.59,1.59,0,0,0,0,2.96,12.98,2.96,0.23,0,0,1.14,0.46,8.88,0,0,0.46,0,0.23,0,0,0.23,3.87,2.05,1.59,0,0.23,0,1.59,0,0,0,0,0,0,0.23,0,0.23,0,0,0,0.46,0,0,0.23,0.46,6.15,13.9,1.14,1.82,9.79,0.91,0.46,0.23,5.69,3.19,7.97,2.28,0,0,0,0,0,19.82,2.51,4.56,2.51,0.23,6.83,3.19,0
The Front Bottoms,The Front Bottoms,The Beers,247,19.43,28.89,83.48,58.25,247,10.53,91.9,75.3,62.75,21.86,15.38,10.12,0.4,3.64,0,0.81,6.48,13.77,6.48,0.81,14.98,12.15,4.45,9.31,1.62,21.46,3.64,0.81,1.62,0.81,0.4,0.4,8.5,0.81,7.69,1.62,1.21,1.62,2.02,0.4,1.21,0.81,3.24,2.43,0,2.43,2.02,0,0,0,0,0.4,9.31,2.02,0,0,0,0,0.81,7.29,0,0.4,0.4,0.81,0,0,0,0,4.05,0,4.05,0,0,0,3.24,0,0,0,0,0.81,0,2.43,0,0.4,0.4,2.02,0,0,0,0,0,0,6.07,11.74,0.81,1.62,6.88,2.43,0.81,0.81,3.64,4.86,8.1,2.02,1.21,0.4,0.81,0,0,12.15,0,2.43,0,0,5.67,4.05,0
The Front Bottoms,The Front Bottoms,The Boredom Is The Reason I Started Swimming. It's Also The Reason I Started Sinking,262,22.06,46.84,35.21,12.29,262,19.85,96.56,80.15,58.78,17.18,9.92,4.2,0,5.34,0,0,7.25,12.98,4.96,1.91,12.21,11.45,6.87,4.96,3.44,22.9,7.63,4.96,0.38,0,0.38,0,23.28,4.2,19.08,0.76,3.05,3.05,5.73,0.38,6.11,0,3.05,0.76,1.53,0.76,0,0.76,0,0,0.38,0.76,13.74,3.44,0,0,0,0.76,1.15,10.31,0,0,0,0.38,0.76,0,0.38,0.38,3.82,0.38,0,2.29,1.15,0,7.25,0.38,0.38,0,0,0,0,0,0.38,0,1.91,1.15,0,0,0,0,0.38,0,3.44,8.4,0.38,2.29,4.2,0.38,1.91,0.76,1.53,0.76,11.07,0.76,0.76,0.76,0,0,0,11.45,0,2.29,0,0,9.16,0,0
"Manchester Orchestra, The Front Bottoms",Allentown,Allentown,297,66.95,11.23,55.3,77.5,297,10.77,92.93,80.47,71.38,22.56,13.47,10.77,1.35,0.67,0,0.67,9.09,21.89,7.41,0.67,21.55,12.46,3.37,0,1.35,17.17,3.7,6.73,4.04,2.02,0,2.02,9.43,4.04,5.39,2.36,2.36,0,0,0,0.67,0,5.05,4.38,0.67,0.67,0.67,0,0,0,0,0,6.06,1.68,0,0,0,0,1.01,4.38,0.67,0,0,1.01,0,0,0,0,5.05,0,0,1.68,0.67,3.37,2.02,1.35,0.67,0,0,0.67,0,0,0,0,0,0,0,0,0,0,0,2.36,10.77,3.37,0,0.67,2.69,0,0,0,1.68,3.03,7.41,0,0,0,0,0,0,18.86,0,9.43,0,0,4.04,5.39,0
