artist,album,track,approachability,engagement,deam_valence,deam_arousal,emo_valence,emo_arousal,muse_valence,muse_arousal,eff_danceability,eff_not_danceability,nn_danceability,nn_not_danceability,eff_aggressive,eff_not_aggressive,nn_aggressive,nn_not_aggressive,eff_happy,eff_not_happy,nn_happy,nn_not_happy,eff_party,eff_not_party,nn_party,nn_not_party,eff_relax,eff_not_relax,nn_relax,nn_not_relax,eff_sad,eff_not_sad,nn_sad,nn_not_sad,eff_acoustic,eff_not_acoustic,nn_acoustic,nn_not_acoustic,eff_electronic,eff_not_electronic,nn_electronic,nn_not_electronic,eff_voice,eff_instrumental,nn_voice,nn_instrumental,eff_timbre_bright,eff_timbre_dark
All Get Out,All Get Out,06 Wasting All My Breath,0.05819511,0.42310885,4.767832,3.3308265,3.2035336,4.7124524,5.0414076,4.4630923,0.5882424,0.41175756,0.58823055,0.41176954,0.44186732,0.5581326,0.6664406,0.3335599,0.018164784,0.9818346,0.003014085,0.9969863,0.9784959,0.021504456,0.9801699,0.019830294,0.13265547,0.8673448,0.4178589,0.5821411,0.6129012,0.38709873,0.8078545,0.19214584,0.22939795,0.77060187,0.04705602,0.95294374,0.73475623,0.26524398,0.8399826,0.16001718,0.77436435,0.22563583,0.8367623,0.1632379,0.4729743,0.5270257
All Get Out,All Get Out,01 Coach Connor,0.005330693,0.38922152,5.50501,3.260396,3.2352128,5.124004,5.0542326,4.461963,0.64732975,0.35266992,0.7645718,0.2354288,0.4222689,0.5777308,0.89248836,0.10751149,0.012544916,0.9874545,0.001740957,0.99825925,0.9854291,0.014570701,0.9605085,0.039491467,0.14390387,0.856096,0.5562875,0.4437125,0.63078123,0.3692184,0.92863137,0.07136824,0.15404297,0.84595686,0.005477023,0.99452263,0.7998168,0.20018348,0.94945616,0.050543543,0.7674917,0.23250782,0.9009645,0.099035144,0.4727027,0.52729714
All Get Out,All Get Out,"07 Three More, I Guess",0.1080733,0.35309523,3.4384253,3.3416963,3.5027554,3.7617695,4.761894,4.311108,0.41000903,0.5899912,0.30282778,0.69717246,0.15640508,0.84359515,0.08763493,0.91236514,0.011581177,0.9884187,0.002684812,0.9973148,0.9894024,0.010597006,0.9961681,0.00383228,0.05405008,0.9459496,0.003120282,0.9968797,0.44313917,0.55686086,0.59770256,0.40229765,0.40984547,0.5901546,0.19915318,0.80084693,0.68267345,0.31732628,0.7811094,0.21889049,0.8130238,0.18697655,0.80395067,0.19604911,0.4402723,0.5597279
All Get Out,All Get Out,03 Water And God,0.04946763,0.45576274,5.4342256,3.4475532,3.255122,5.1451464,5.1411877,4.4856205,0.6457602,0.35423994,0.69777995,0.30222028,0.39317274,0.60682714,0.651015,0.34898514,0.01588644,0.98411405,0.007009522,0.99299055,0.9717761,0.02822485,0.9098984,0.090100996,0.15292066,0.8470792,0.67285717,0.3271425,0.6305733,0.36942664,0.7479008,0.2520993,0.19398071,0.80601907,0.091620885,0.9083789,0.78095144,0.21904902,0.8653296,0.1346705,0.6611671,0.33883265,0.76452756,0.23547263,0.44812214,0.55187774
All Get Out,All Get Out,02 Come My Way,0.04411876,0.45254096,4.9297433,3.3843818,3.29333,4.847293,4.994863,4.415079,0.55172646,0.44827327,0.6393607,0.3606393,0.4266012,0.5733986,0.62973595,0.37026408,0.01768979,0.98230994,0.003751035,0.9962492,0.9901513,0.009848421,0.9806292,0.019370496,0.12041101,0.8795888,0.47088593,0.52911395,0.58458257,0.41541764,0.73989135,0.26010832,0.27722415,0.7227759,0.06502836,0.9349716,0.6715524,0.32844755,0.8796683,0.12033131,0.80282325,0.19717662,0.846891,0.15310863,0.45991325,0.54008704
All Get Out,All Get Out,05 The E.C.,0.042359002,0.5096383,5.3497972,3.3819695,3.1408992,5.14796,5.0625234,4.4747376,0.64099044,0.35900992,0.7718056,0.2281948,0.5566473,0.4433528,0.8018242,0.19817573,0.014580138,0.9854193,0.003196167,0.9968041,0.98367864,0.016321164,0.93968153,0.06031822,0.1940487,0.8059513,0.67515093,0.3248492,0.6714004,0.32859957,0.86987174,0.13012826,0.12729873,0.8727013,0.019639583,0.98036045,0.7685268,0.23147348,0.9472632,0.0527367,0.6800755,0.31992418,0.87189996,0.12809996,0.457511,0.54248905
All Get Out,All Get Out,04 Like A Child,0.03372018,0.40100345,5.3522267,3.4663162,3.3317187,5.0583854,5.0927267,4.451192,0.7601831,0.23981676,0.7917428,0.20825775,0.39967227,0.6003276,0.66787046,0.33212945,0.015801469,0.98419875,0.009428151,0.9905716,0.9818865,0.018113451,0.9495297,0.05047037,0.15060006,0.84940004,0.58996165,0.4100382,0.671266,0.32873392,0.85670567,0.14329407,0.13892482,0.8610748,0.021448506,0.9785515,0.825755,0.17424524,0.9562713,0.043728266,0.6738181,0.32618183,0.84009707,0.15990262,0.45378417,0.54621595
All Get Out,Nobody Likes A Quitter,Room To Talk,0.12947758,0.3302073,4.6869316,3.6365306,3.5279057,4.979079,5.0341573,4.4362087,0.6835698,0.3164304,0.67295533,0.32704487,0.24252252,0.75747794,0.6127294,0.38727087,0.011419347,0.988581,0.004794905,0.99520504,0.9787595,0.021240782,0.97384083,0.026159033,0.11955445,0.8804453,0.40830678,0.591693,0.6188837,0.381116,0.6784739,0.3215257,0.2668915,0.733108,0.046585932,0.95341426,0.8145406,0.18545891,0.89736646,0.10263332,0.62135726,0.37864256,0.7681761,0.2318239,0.4672092,0.5327907
All Get Out,Nobody Likes A Quitter,Home,0.06040239,0.373866,5.6069865,3.3390794,3.3331115,5.3093734,5.151207,4.481149,0.7075252,0.2924747,0.74959266,0.25040722,0.30192363,0.698076,0.89197224,0.108027965,0.009548495,0.9904518,0.011003141,0.98899734,0.98094666,0.019053038,0.9588231,0.041176986,0.14646773,0.85353214,0.7264788,0.273521,0.6279513,0.37204838,0.9549666,0.04503303,0.14887176,0.8511284,0.007038287,0.99296147,0.79744685,0.20255305,0.96936035,0.030639283,0.49608144,0.5039185,0.93544334,0.064556964,0.4677504,0.5322496
All Get Out,Nobody Likes A Quitter,Wait List,0.14350879,0.6653815,3.713537,3.5957642,3.6175108,4.0257554,5.0934186,4.4180026,0.35832116,0.6416782,0.26042548,0.7395746,0.27946192,0.72053796,0.13249128,0.8675086,0.016779058,0.9832204,0.005603215,0.9943966,0.98913753,0.010861647,0.9966049,0.003394848,0.10226956,0.8977305,0.035629172,0.9643708,0.475946,0.5240542,0.3325107,0.66748923,0.47056374,0.52943623,0.25923142,0.74076885,0.5333879,0.4666122,0.6254396,0.37456048,0.8367061,0.1632937,0.68968606,0.3103141,0.46473518,0.5352648
All Get Out,Nobody Likes A Quitter,Get My Cut,0.052055478,0.38429266,4.919477,3.4805632,3.4595976,4.876562,5.060701,4.4398384,0.60129887,0.39870098,0.7248683,0.275132,0.25210524,0.7478949,0.5533365,0.44666368,0.012037776,0.9879624,0.007731168,0.9922689,0.9922299,0.007770141,0.9626753,0.03732467,0.1071378,0.89286256,0.42921868,0.5707812,0.568886,0.4311137,0.7683618,0.23163809,0.2534505,0.74654955,0.046676338,0.95332354,0.7505339,0.24946672,0.9678756,0.032124303,0.71866924,0.28133082,0.8863055,0.113694504,0.45306885,0.5469311
All Get Out,Nobody Likes A Quitter,Now You Got It,0.10573761,0.35101983,4.8121934,3.549104,3.2079391,4.9573784,5.1222625,4.437489,0.76048094,0.239519,0.6519556,0.3480445,0.21234408,0.78765565,0.6044529,0.3955472,0.012328512,0.9876721,0.002033531,0.9979665,0.9837667,0.016233591,0.93797404,0.06202589,0.12466598,0.8753341,0.45469445,0.5453055,0.61483026,0.3851699,0.5439258,0.45607415,0.22357872,0.77642095,0.033990826,0.9660093,0.84863967,0.15136008,0.8446965,0.15530391,0.6284823,0.37151742,0.659158,0.34084192,0.4557904,0.5442098
All Get Out,Nobody Likes A Quitter,Sideways,0.045984443,0.3034566,4.98287,3.5119164,3.5432136,5.006804,5.1309533,4.472332,0.74332875,0.25667137,0.79682,0.20317966,0.30760762,0.6923926,0.691368,0.30863187,0.010062712,0.98993725,0.008023065,0.99197704,0.9887864,0.011213449,0.97555304,0.024446901,0.14539096,0.85460943,0.5574677,0.44253233,0.6566302,0.34336963,0.880107,0.11989289,0.16194397,0.83805555,0.008352927,0.99164724,0.83232427,0.16767609,0.94750327,0.05249639,0.5075487,0.4924514,0.8839828,0.11601733,0.46481055,0.53518933
All Get Out,Nobody Likes A Quitter,Whatever,0.043037158,0.32589108,4.7815437,3.4288383,3.554235,4.758645,4.96584,4.4010143,0.6542625,0.34573722,0.67594445,0.3240554,0.25777984,0.7422201,0.5349945,0.46500576,0.00766607,0.99233377,0.005147093,0.9948535,0.9922479,0.007752076,0.9732071,0.026792277,0.08470525,0.91529536,0.27634224,0.72365797,0.5645595,0.43544,0.7897274,0.21027279,0.29882494,0.7011755,0.038901523,0.9610985,0.8060489,0.19395106,0.94542384,0.054576527,0.85361457,0.14638506,0.9136496,0.086350664,0.45851183,0.54148823
All Get Out,Nobody Likes A Quitter,Empty Nest,0.027431147,0.4060244,4.020015,3.4628005,3.4611714,4.11091,5.013493,4.370819,0.5824457,0.41755447,0.48947543,0.51052463,0.3035587,0.6964413,0.36863592,0.6313639,0.007924951,0.99207467,0.003180597,0.99681956,0.9932514,0.006748326,0.99576217,0.004237793,0.061904557,0.9380953,0.09807756,0.90192217,0.5880403,0.41195965,0.73267716,0.26732257,0.3001065,0.69989336,0.08549477,0.914505,0.8078498,0.19215009,0.8658653,0.13413453,0.8987618,0.10123855,0.7972849,0.20271504,0.4525044,0.5474955
All Get Out,Nobody Likes A Quitter,Chasing Skirt,0.08039753,0.33726364,5.024783,3.632073,3.3483212,5.1084385,5.109671,4.4386992,0.81754875,0.182451,0.7567,0.2432998,0.3024547,0.69754535,0.71732455,0.28267536,0.011431262,0.9885694,0.00501478,0.9949854,0.9911046,0.008895566,0.9724967,0.027503237,0.14967494,0.85032463,0.50474817,0.4952518,0.6593083,0.3406922,0.7736787,0.22632134,0.16661666,0.83338326,0.017569926,0.9824296,0.84043545,0.1595643,0.9452734,0.054726332,0.501065,0.49893504,0.86101997,0.13898009,0.46946087,0.5305391
All Get Out,Nobody Likes A Quitter,ATX,0.04459765,0.35091802,4.5590954,3.2913513,3.3847175,4.4613056,5.0048265,4.391218,0.627807,0.3721927,0.5217682,0.47823182,0.30507883,0.69492114,0.5119829,0.48801696,0.009842125,0.9901584,0.002306388,0.9976932,0.9858952,0.014104777,0.98524755,0.014752253,0.10900529,0.89099413,0.30815548,0.69184434,0.5716466,0.42835343,0.81426054,0.1857395,0.24040386,0.7595966,0.010600859,0.98939914,0.79751104,0.20248944,0.9004954,0.09950482,0.7813962,0.2186037,0.8995683,0.10043147,0.46734056,0.5326597
All Get Out,No Bouquet,Value,0.074557625,0.41384614,4.368922,3.9334557,3.6232088,4.8136363,5.0376186,4.444785,0.7213741,0.27862585,0.701039,0.2989616,0.3745461,0.62545407,0.72651273,0.2734872,0.00550113,0.994499,0.003288363,0.9967114,0.991793,0.008207483,0.97973454,0.020265121,0.11890785,0.8810924,0.39481542,0.6051843,0.6213827,0.37861702,0.8640199,0.13598037,0.16542876,0.83457124,0.014469699,0.98553103,0.81861764,0.18138157,0.96025896,0.03974162,0.7559351,0.24406487,0.8301556,0.16984425,0.4679026,0.5320975
All Get Out,No Bouquet,However Long,0.05735621,0.49463966,4.50465,3.8504975,3.5093539,4.811804,5.069123,4.4826736,0.77540654,0.22459313,0.67397016,0.3260298,0.45862803,0.5413719,0.76752627,0.23247373,0.009077285,0.9909229,0.002081557,0.9979181,0.9807251,0.019274365,0.9727617,0.027238337,0.1714928,0.8285072,0.37800145,0.6219984,0.68630326,0.31369674,0.80027306,0.199727,0.122783385,0.877217,0.006936653,0.99306285,0.8103334,0.1896665,0.91176486,0.0882354,0.757076,0.24292383,0.84188956,0.15811083,0.46618643,0.53381366
All Get Out,No Bouquet,First Contact,0.028274609,0.41302502,4.238873,3.7263823,3.5247407,4.6525717,4.9261985,4.4186764,0.77292854,0.22707136,0.727661,0.27233875,0.35877922,0.64122105,0.7151225,0.28487754,0.003885755,0.9961146,0.003440511,0.9965598,0.9949463,0.005053352,0.9884032,0.011596727,0.09880835,0.9011918,0.1967997,0.80320066,0.62802225,0.37197793,0.9011286,0.0988713,0.16227247,0.8377277,0.027870206,0.97212994,0.81743544,0.1825644,0.9735451,0.026454922,0.86483645,0.13516408,0.892275,0.10772479,0.47115687,0.5288432
All Get Out,No Bouquet,Archives,0.107536174,0.36701807,4.4002466,3.8848267,3.6244774,5.0010777,5.110692,4.470862,0.77544785,0.22455192,0.6496034,0.35039672,0.21765485,0.7823452,0.80523324,0.19476697,0.006631994,0.99336827,0.004018366,0.99598145,0.986962,0.01303787,0.97448474,0.025515368,0.113465935,0.8865342,0.40295336,0.59704673,0.6242673,0.3757328,0.8394835,0.16051638,0.1169345,0.8830656,0.009336543,0.9906634,0.89221525,0.107784525,0.93923676,0.06076287,0.79953897,0.20046087,0.75136375,0.24863638,0.46747628,0.5325237
All Get Out,No Bouquet,Namesake,0.07030539,0.42480987,4.1008954,3.8061798,3.549429,4.4332423,5.0112414,4.4540925,0.74771017,0.25229013,0.59230787,0.40769207,0.3447743,0.6552259,0.6074941,0.39250574,0.006982157,0.9930183,0.001414286,0.99858576,0.986706,0.013294173,0.9766571,0.023343086,0.099376015,0.9006242,0.08551689,0.9144836,0.66235226,0.3376477,0.77836037,0.22163966,0.13716699,0.8628326,0.016138708,0.98386174,0.8540257,0.14597431,0.87160987,0.12838958,0.8984707,0.10152946,0.84152716,0.15847291,0.46438703,0.5356127
All Get Out,No Bouquet,God Damn,0.092201374,0.381276,4.636181,3.6715198,3.5999093,4.889726,5.072185,4.4511013,0.7925479,0.20745221,0.6458272,0.35417277,0.3324624,0.6675373,0.79271215,0.20728768,0.005372594,0.9946271,0.003298601,0.9967016,0.9890029,0.010996994,0.99149084,0.008509105,0.11256076,0.8874391,0.34093815,0.6590616,0.6553714,0.3446283,0.86904466,0.13095585,0.12654103,0.8734589,0.012575762,0.987424,0.83263206,0.16736811,0.9456856,0.054314062,0.8743904,0.12560955,0.85894907,0.14105086,0.46959314,0.53040683
All Get Out,No Bouquet,Self Repair,0.050210077,0.35830888,4.2027392,3.8565516,3.565033,4.5404058,5.090543,4.475168,0.8223627,0.17763716,0.71735346,0.28264618,0.34795117,0.652049,0.64268214,0.3573177,0.005834001,0.9941658,0.003332836,0.9966673,0.9710669,0.028933365,0.96601844,0.03398186,0.12774026,0.8722598,0.12992635,0.8700732,0.6851276,0.3148725,0.88974833,0.110251814,0.107984595,0.8920154,0.018569434,0.98143035,0.87490714,0.12509276,0.97017205,0.029828152,0.8353126,0.16468708,0.8730906,0.12690967,0.46493167,0.5350685
All Get Out,No Bouquet,Rose,0.069185,0.49700025,3.861727,3.7037053,3.3818014,4.1733575,4.958235,4.425419,0.6802069,0.31979355,0.54363275,0.45636708,0.4091789,0.59082127,0.45248196,0.5475177,0.007645153,0.992355,0.001354303,0.99864584,0.98393565,0.016064413,0.9843902,0.015609901,0.09708161,0.90291876,0.047806874,0.9521934,0.64155275,0.3584474,0.7404487,0.25955144,0.20135881,0.7986411,0.016400194,0.9836001,0.8008981,0.19910167,0.8626481,0.1373519,0.88318807,0.11681145,0.78714544,0.2128545,0.46695474,0.5330454
All Get Out,No Bouquet,Trip,0.11018903,0.48198417,4.269301,3.861941,3.6017268,4.639859,5.0921755,4.459962,0.8109018,0.18909812,0.6652652,0.3347346,0.44737437,0.5526259,0.7030332,0.2969666,0.018361866,0.9816383,0.003457188,0.99654293,0.96020925,0.03979026,0.9750359,0.024964076,0.19854274,0.80145717,0.15757139,0.84242886,0.714617,0.2853828,0.8386447,0.1613553,0.11006286,0.88993734,0.006961952,0.9930386,0.82478666,0.17521316,0.9039236,0.09607635,0.8057398,0.19426024,0.84346914,0.156531,0.4651826,0.5348174
All Get Out,No Bouquet,Survive,0.07004577,0.45211932,4.188434,3.838007,3.4367425,4.577359,4.983543,4.4588404,0.7479112,0.25208825,0.7339812,0.26601875,0.38675213,0.61324793,0.6475431,0.35245678,0.006083269,0.9939166,0.001913146,0.9980863,0.9910368,0.00896294,0.98423344,0.015766699,0.1261853,0.87381464,0.17950648,0.82049364,0.66786194,0.3321378,0.8333135,0.16668652,0.1395019,0.8604983,0.01887572,0.98112446,0.82114184,0.17885749,0.9333055,0.06669435,0.81670237,0.18329814,0.82164603,0.17835405,0.4705041,0.5294961
All Get Out,Movement,Orchestra,0.056245796,0.39581168,5.092236,3.1348014,3.2094526,4.5030847,5.0511866,4.5005345,0.85856813,0.14143266,0.820174,0.17982598,0.5517861,0.44821396,0.73410666,0.26589364,0.01170066,0.98829955,0.003872054,0.99612784,0.9768895,0.02310995,0.9454785,0.054521803,0.2264788,0.7735214,0.41905966,0.5809404,0.77082914,0.22917172,0.9388784,0.061121188,0.08266183,0.91733813,0.002871241,0.99712896,0.89184093,0.10815866,0.9579384,0.042061765,0.7671497,0.2328506,0.89090157,0.109099016,0.4503421,0.5496582
All Get Out,Movement,Movement,-0.00096786,0.362862,5.5349064,3.2826977,3.2081764,4.972436,5.151042,4.504298,0.894151,0.10584847,0.86438644,0.13561358,0.5080928,0.49190715,0.8604105,0.13958915,0.006151071,0.9938489,0.012909797,0.98709047,0.9928508,0.007149478,0.947437,0.052563507,0.1815192,0.8184811,0.6918568,0.30814326,0.7652292,0.23477167,0.96262574,0.03737518,0.056977384,0.94302225,0.005259352,0.99474055,0.90504074,0.09495979,0.98913664,0.010863253,0.7113314,0.28866878,0.91252965,0.08747025,0.4475954,0.5524047
All Get Out,Movement,Sans,0.004824133,0.33486116,5.006755,3.0814407,3.2235668,4.7408257,4.9682913,4.4691887,0.84883374,0.15116623,0.7949292,0.20507081,0.5195184,0.4804815,0.72873646,0.27126428,0.006147881,0.9938519,0.008342693,0.9916572,0.97617435,0.023825075,0.97059244,0.029407542,0.15768707,0.84231347,0.32784885,0.6721511,0.7617128,0.2382872,0.90796864,0.09203121,0.09253536,0.9074651,0.02345869,0.97654116,0.87022614,0.12977448,0.96800065,0.031999305,0.8084695,0.19152996,0.91384447,0.08615511,0.4418524,0.5581474
All Get Out,Movement,Balance,0.014696854,0.3747581,5.056911,3.3102992,3.316504,4.536574,5.0535803,4.481164,0.82139903,0.17860073,0.8702436,0.1297564,0.5414797,0.45852044,0.73096055,0.2690395,0.00659688,0.99340284,0.011378625,0.9886218,0.983013,0.016987408,0.93919796,0.06080155,0.19880666,0.80119324,0.28557673,0.7144231,0.7681188,0.23188072,0.9732083,0.02679168,0.08746365,0.9125365,0.007393931,0.9926058,0.87974924,0.1202509,0.9884895,0.011510452,0.68088573,0.31911385,0.95474654,0.045253508,0.4658877,0.5341122
All Get Out,Movement,All My Friends Are Dead,0.000384865,0.27381968,5.1203175,3.1089506,3.0739143,4.7090917,5.0280375,4.459972,0.88089776,0.11910258,0.8293459,0.17065398,0.4607905,0.53920966,0.8113782,0.18862173,0.004881058,0.99511915,0.002819762,0.99717975,0.98888,0.011120192,0.97261614,0.027384184,0.13771713,0.86228293,0.412718,0.5872819,0.7641457,0.23585437,0.9599507,0.040049363,0.056275,0.94372463,0.0041294,0.99587077,0.9167184,0.08328147,0.98072356,0.019276578,0.81758475,0.18241552,0.91594875,0.084051654,0.44023708,0.5597628
All Get Out,The Season,The Season,0.032487113,0.45124498,4.8790874,3.4827623,3.269671,4.8395967,5.0738997,4.465708,0.6376366,0.3623632,0.612663,0.38733715,0.4306754,0.5693249,0.6975048,0.30249506,0.011358614,0.9886411,0.005501657,0.99449825,0.983435,0.016564582,0.97717136,0.022828817,0.15114786,0.8488528,0.48286173,0.5171383,0.61042297,0.3895773,0.8366694,0.16333054,0.20907831,0.790922,0.013802934,0.98619735,0.7613734,0.23862652,0.89757025,0.102429695,0.65893495,0.34106514,0.76530117,0.23469874,0.46203178,0.5379683
All Get Out,The Season,Let Me Go,0.119559266,0.42690757,3.843686,3.483232,3.3516686,3.9853067,4.9358377,4.370393,0.44273037,0.5572697,0.34429976,0.6557006,0.20705941,0.792941,0.2770365,0.7229637,0.014075189,0.9859243,0.00147052,0.9985295,0.98345506,0.016545987,0.9948592,0.00514121,0.077531874,0.92246836,0.06719639,0.9328038,0.4831517,0.516848,0.48723024,0.5127697,0.39612883,0.6038713,0.13475898,0.8652409,0.6831922,0.31680772,0.5688213,0.43117845,0.8065551,0.19344498,0.60455376,0.3954461,0.4676506,0.5323494
All Get Out,The Season,"Girl, Gun",0.06131844,0.4177125,4.317929,3.468793,3.2882726,4.428126,4.885374,4.39013,0.6498605,0.35013968,0.53166354,0.46833652,0.37022242,0.6297776,0.50566936,0.49433044,0.011929985,0.98807,0.001897162,0.99810314,0.97981656,0.020183308,0.9806217,0.01937799,0.10847792,0.8915221,0.20874086,0.7912595,0.6647082,0.33529168,0.8393674,0.16063286,0.14920716,0.8507934,0.011830321,0.9881694,0.8506247,0.14937541,0.8404309,0.15956885,0.8515403,0.14845951,0.8296969,0.17030291,0.46385908,0.536141
All Get Out,The Season,Subject to Change,0.037124675,0.37375674,5.2489867,3.4188344,3.322283,4.9780097,5.0364237,4.4477615,0.7175758,0.28242382,0.80787724,0.19212258,0.38109764,0.61890244,0.78739697,0.21260326,0.012841765,0.98715836,0.009875448,0.9901251,0.97808564,0.02191473,0.9559341,0.044065926,0.15020001,0.8497996,0.55694515,0.4430548,0.69198185,0.30801848,0.9092917,0.09070857,0.12958941,0.8704108,0.017059464,0.98294085,0.8161936,0.18380645,0.95992863,0.04007162,0.7879617,0.21203846,0.84598756,0.15401277,0.44318646,0.5568136
All Get Out,The Season,Come and Gone,0.068541415,0.2847824,4.0842347,3.4540906,3.4653573,4.128063,4.9403524,4.3699427,0.6847196,0.31528032,0.66061664,0.33938336,0.26171324,0.73828745,0.40762433,0.5923756,0.009485452,0.99051493,0.001085881,0.9989141,0.9831818,0.0168183,0.9899109,0.010089664,0.07005772,0.9299418,0.11487906,0.8851211,0.5845945,0.41540563,0.8414833,0.15851676,0.22455534,0.77544487,0.027115444,0.97288465,0.83739823,0.16260214,0.86935353,0.13064684,0.8929284,0.10707117,0.90909255,0.0909077,0.46546236,0.53453743
All Get Out,The Season,My Friends,0.06074083,0.47979566,5.634289,3.4826953,3.3160453,5.187012,5.086767,4.469163,0.63375634,0.3662439,0.8723487,0.12765177,0.43193746,0.5680624,0.91484,0.08516007,0.011612651,0.9883873,0.006473261,0.99352735,0.978124,0.02187544,0.9508539,0.04914633,0.15606917,0.8439313,0.7224602,0.27753967,0.6066926,0.3933072,0.94313055,0.056869682,0.15011884,0.84988093,0.001190711,0.9988099,0.7969347,0.20306528,0.97433335,0.025666758,0.6161926,0.38380784,0.87649876,0.12350152,0.44686636,0.5531336
All Get Out,The Season,Church Doors and Skeptics,0.0434814,0.40044174,5.1267395,3.6217465,3.4768858,5.157672,5.0482984,4.402687,0.5937211,0.40627915,0.75838095,0.24161908,0.38099292,0.61900705,0.853322,0.14667796,0.012069552,0.98793036,0.008226166,0.99177414,0.9856038,0.014395475,0.9840124,0.015987756,0.1168908,0.88310885,0.5865984,0.41340166,0.56299263,0.43700734,0.9306257,0.06937444,0.22915876,0.77084106,0.006600647,0.9933994,0.75906795,0.24093182,0.9628058,0.037194442,0.7436283,0.25637165,0.8901072,0.109892555,0.45438668,0.5456133
All Get Out,The Season,Lucky Bastard,0.044272836,0.35307437,5.1838317,3.5446024,3.43346,5.01523,5.072319,4.435273,0.68190736,0.31809232,0.75491714,0.24508287,0.32102525,0.6789751,0.73489815,0.26510215,0.013130365,0.9868697,0.00577836,0.994222,0.96356446,0.03643574,0.98232406,0.017675787,0.14049187,0.85950816,0.4924415,0.5075585,0.63684034,0.36315972,0.83542264,0.1645774,0.15177344,0.84822613,0.023352351,0.97664726,0.84815043,0.15184903,0.9418636,0.058136035,0.76993954,0.23006049,0.83469754,0.16530205,0.46527168,0.5347286
All Get Out,The Season,Son of Mine,0.035170346,0.29968655,4.6230083,3.577354,3.5873199,4.7232323,5.0383763,4.406644,0.71706706,0.28293255,0.675888,0.32411164,0.33311096,0.66688895,0.5710678,0.4289321,0.008141504,0.99185807,0.004979856,0.9950203,0.9884076,0.011592284,0.9916407,0.00835934,0.09692028,0.9030796,0.29733077,0.7026695,0.61683345,0.38316658,0.7889983,0.21100157,0.18171066,0.81828976,0.041556235,0.9584435,0.85933393,0.14066601,0.9324755,0.06752424,0.8900057,0.10999424,0.8671022,0.13289759,0.4561708,0.543829
All Get Out,The Season,Me and My Lovers,0.049765836,0.37444928,4.9873652,3.4611132,3.3500628,4.904965,5.014632,4.426328,0.75558484,0.24441549,0.7653435,0.23465653,0.39335832,0.6066415,0.7668777,0.23312211,0.012008181,0.98799247,0.005877667,0.99412185,0.9706784,0.029321285,0.9765867,0.023413254,0.13910283,0.8608968,0.47474843,0.5252515,0.67359525,0.3264048,0.91044456,0.08955566,0.13029058,0.8697097,0.007452452,0.99254805,0.8428272,0.15717281,0.9319482,0.068051584,0.79211456,0.20788546,0.845471,0.15452845,0.45378494,0.54621494
Manchester Orchestra,Simple Math,Leave It Alone,0.087338924,0.24328855,4.308899,3.4014885,3.6051364,4.515136,5.0334044,4.4093513,0.6190462,0.38095346,0.49580547,0.50419444,0.26978478,0.7302158,0.42006004,0.57993996,0.009638206,0.9903615,0.003636506,0.9963634,0.9871261,0.012874091,0.9905881,0.009412115,0.08552807,0.914472,0.2111658,0.7888344,0.59237343,0.40762654,0.72224194,0.2777579,0.22979325,0.77020717,0.048678614,0.9513217,0.8022248,0.19777551,0.7855824,0.21441759,0.893072,0.10692816,0.86002207,0.13997787,0.45745733,0.54254246
Manchester Orchestra,Simple Math,April Fool,0.08664864,0.3085368,4.8750954,3.123336,3.4925325,4.853137,5.037338,4.4503393,0.6665654,0.3334348,0.6665617,0.33343792,0.27508327,0.724917,0.64820486,0.35179508,0.010277435,0.98972267,0.005245534,0.9947548,0.98365486,0.016346445,0.99386823,0.006132276,0.105245896,0.89475435,0.37625036,0.6237494,0.5900921,0.4099079,0.7924843,0.20751558,0.18984051,0.8101594,0.111015685,0.8889843,0.7691616,0.23083842,0.8339325,0.16606754,0.7898196,0.21018063,0.81474495,0.1852551,0.4574188,0.54258114
Manchester Orchestra,Simple Math,Virgin,0.05407259,0.38835177,4.4322877,3.3240898,3.4316213,4.4755125,4.979467,4.4218254,0.60222524,0.39777517,0.54542744,0.45457268,0.2977647,0.70223504,0.51778775,0.48221222,0.013753867,0.98624617,0.003972876,0.9960272,0.98040605,0.019593777,0.9904809,0.009519089,0.09238761,0.9076124,0.21056917,0.789431,0.6122305,0.38776952,0.78193414,0.21806553,0.18938172,0.8106185,0.021203756,0.97879606,0.77850753,0.22149186,0.81093776,0.18906231,0.84439546,0.15560412,0.8503578,0.14964186,0.4664298,0.5335702
Manchester Orchestra,Simple Math,Deer,0.14464787,0.41976887,3.496233,3.473927,3.3045795,3.761327,4.9104204,4.3552027,0.38088107,0.61911935,0.19509186,0.804908,0.1747197,0.8252798,0.13015875,0.8698412,0.011056591,0.98894364,0.000462967,0.99953747,0.9860428,0.013957457,0.9933538,0.006646007,0.062063996,0.9379365,0.002939479,0.9970599,0.43094778,0.56905174,0.5324558,0.46754438,0.37256187,0.62743825,0.044530503,0.9554699,0.6404466,0.35955322,0.62685114,0.3731488,0.79138964,0.20861052,0.6683438,0.33165637,0.46672612,0.53327376
Manchester Orchestra,Simple Math,Simple Math,0.09384036,0.29295954,4.4286213,3.3334181,3.404631,4.50605,4.9945693,4.3923874,0.6952546,0.30474553,0.5998052,0.40019464,0.2878518,0.7121478,0.5253439,0.47465628,0.013049462,0.986951,0.002045093,0.997955,0.9836877,0.016311843,0.99337876,0.006620944,0.10254464,0.8974559,0.1593264,0.8406738,0.641357,0.35864285,0.6827933,0.3172069,0.18358944,0.8164107,0.08850222,0.9114981,0.8490625,0.15093747,0.7867791,0.21322076,0.8887381,0.11126195,0.7920159,0.207984,0.46036574,0.53963417
Manchester Orchestra,Simple Math,Pale Black Eye,0.07156445,0.29415184,4.7644744,3.375764,3.503111,4.912246,4.962489,4.411985,0.81845325,0.1815467,0.7517405,0.24825962,0.3648641,0.6351359,0.7092624,0.29073727,0.010757418,0.98924303,0.005760576,0.99423975,0.95465386,0.045345943,0.9851641,0.014835977,0.1273581,0.87264174,0.25170302,0.7482969,0.7157589,0.28424174,0.87194395,0.12805644,0.10094531,0.8990546,0.008320438,0.9916795,0.8734131,0.1265871,0.94919556,0.050804466,0.87674475,0.12325569,0.8991947,0.100804776,0.45085856,0.5491414
Manchester Orchestra,Simple Math,Apprehension,0.057348102,0.2224465,4.6786404,3.4287379,3.4793658,4.612865,5.1369133,4.460412,0.7841623,0.21583818,0.8169303,0.18307006,0.30975187,0.69024813,0.5296897,0.47031033,0.01200061,0.9879989,0.002932326,0.997068,0.9824002,0.017600238,0.97455144,0.025449222,0.1095659,0.89043385,0.24278952,0.7572107,0.70413804,0.2958621,0.8649832,0.13501664,0.12764817,0.8723514,0.020207908,0.9797923,0.9147794,0.085220166,0.9585366,0.041463416,0.8576433,0.14235643,0.87957895,0.12042032,0.45906526,0.54093474
Manchester Orchestra,Simple Math,Pensacola,0.0829032,0.35603663,4.978243,3.3408494,3.4853058,4.808962,5.145889,4.4706144,0.7388054,0.26119488,0.806287,0.19371325,0.3508083,0.6491918,0.5998639,0.40013617,0.013325293,0.986675,0.005198771,0.99480134,0.97670877,0.023290955,0.9641537,0.035846297,0.15592599,0.8440742,0.33677095,0.6632291,0.69830626,0.3016938,0.837551,0.16244903,0.15919445,0.8408058,0.021778319,0.978222,0.8607311,0.13926852,0.94092256,0.059077494,0.7081119,0.29188812,0.8286558,0.17134413,0.4651114,0.53488845
Manchester Orchestra,Simple Math,Leaky Breaks,0.058317352,0.45149457,4.17641,3.5044222,3.391674,4.472918,5.008578,4.395348,0.6972283,0.30277088,0.69163966,0.30836105,0.5049637,0.49503624,0.5477409,0.4522592,0.01021152,0.98978764,0.002209694,0.99779034,0.9824087,0.017592832,0.9807418,0.019257866,0.12224073,0.8777587,0.09490749,0.9050928,0.67903084,0.3209688,0.7929836,0.207017,0.15016502,0.849835,0.016807517,0.9831937,0.81283,0.18717018,0.89731985,0.10268002,0.8812514,0.11874792,0.845882,0.1541176,0.4579182,0.5420815
Manchester Orchestra,Simple Math,Mighty,0.033821166,0.18881226,4.9089704,3.1446304,3.5108852,4.702044,4.9720054,4.447908,0.7883491,0.21165091,0.8963358,0.103664,0.2757147,0.7242853,0.5951544,0.40484557,0.010030578,0.9899691,0.004533093,0.99546725,0.9772583,0.022741465,0.9839301,0.01607009,0.107353896,0.8926458,0.24178313,0.7582164,0.65884477,0.3411553,0.9550517,0.044947967,0.12588406,0.8741158,0.004785169,0.9952152,0.88826007,0.11173976,0.9724721,0.02752778,0.8247997,0.17520066,0.9362012,0.063799046,0.45031226,0.5496876
Manchester Orchestra,Cope (Deluxe Version),Cope,0.050379295,0.42466146,4.4336,3.1576972,3.2819526,4.3693333,4.7996173,4.438129,0.8063757,0.19362448,0.8164739,0.18352593,0.51054806,0.489452,0.57950175,0.42049834,0.013516245,0.98648405,0.00145491,0.9985452,0.9575575,0.042442475,0.9768198,0.02318021,0.14325246,0.85674757,0.06806115,0.93193907,0.75053644,0.24946375,0.8713606,0.12863977,0.105188005,0.8948118,0.03009048,0.9699107,0.901533,0.09846729,0.9694717,0.030527856,0.6908995,0.30910042,0.9410844,0.058915555,0.45765918,0.5423409
Manchester Orchestra,Cope (Deluxe Version),All That I Really Wanted,0.03489687,0.30160215,4.93156,3.153988,3.3406963,4.6445923,4.796553,4.4176874,0.73628914,0.263711,0.69146895,0.30853105,0.35225517,0.64774454,0.62606084,0.3739392,0.013402548,0.9865978,0.008857179,0.9911436,0.9831974,0.01680237,0.9846699,0.01533016,0.1399062,0.86009353,0.13522577,0.86477447,0.6941443,0.30585557,0.9185992,0.08140115,0.15027814,0.8497216,0.043026656,0.95697373,0.89468783,0.105311915,0.98107123,0.018928604,0.6661922,0.33380792,0.9673681,0.03263155,0.4670928,0.5329072
Manchester Orchestra,Cope (Deluxe Version),Girl Harbor,0.027194325,0.3453063,5.010223,3.036858,3.3522942,4.5881033,4.9281425,4.405254,0.64555573,0.3544441,0.8230448,0.1769554,0.23566476,0.764335,0.5990019,0.40099812,0.008812431,0.99118745,0.007691662,0.9923083,0.9934924,0.006507815,0.9891811,0.010819024,0.087128766,0.91287136,0.15126455,0.8487352,0.5419408,0.45805895,0.9508445,0.049155895,0.2757736,0.7242262,0.024609568,0.9753905,0.8085847,0.19141567,0.9866336,0.013366261,0.40471196,0.5952883,0.9644846,0.035514873,0.48075652,0.5192438
Manchester Orchestra,Cope (Deluxe Version),Indentions,0.08028086,0.39380813,4.6043997,3.4467611,3.5618553,4.4611044,4.996465,4.4346347,0.8380913,0.16190878,0.90260744,0.09739199,0.4689727,0.53102726,0.6327073,0.36729255,0.012012099,0.9879879,0.002356137,0.99764365,0.9473232,0.052677125,0.957449,0.042550612,0.15248343,0.8475169,0.119714156,0.880286,0.7363331,0.26366693,0.9533374,0.046662454,0.08358598,0.91641337,0.007036665,0.9929635,0.9214217,0.078578204,0.983731,0.01626882,0.4617752,0.53822494,0.9500931,0.04990677,0.46528065,0.5347192
Manchester Orchestra,Cope (Deluxe Version),Top Notch,0.05280994,0.4485901,4.956479,3.4312346,3.3181064,4.7957673,5.004657,4.465696,0.71914595,0.28085458,0.6798682,0.32013205,0.51034576,0.48965415,0.63826555,0.36173463,0.017035967,0.98296434,0.011136117,0.988864,0.968169,0.031830966,0.9529586,0.04704109,0.2024732,0.797527,0.35117793,0.6488219,0.72892237,0.27107802,0.7812734,0.21872619,0.11677787,0.8832219,0.117962405,0.8820377,0.8512881,0.14871204,0.9107001,0.089299835,0.48463145,0.51536846,0.8221699,0.17782977,0.46099722,0.5390027
Manchester Orchestra,Cope (Deluxe Version),Trees,-0.004449593,0.28446874,4.82645,3.0250454,3.4154272,4.7950897,4.738912,4.4192204,0.8107603,0.18923974,0.84704405,0.15295552,0.41995463,0.5800455,0.7420124,0.257988,0.005769831,0.99423033,0.003582709,0.9964171,0.9866212,0.013378689,0.9825108,0.017489597,0.12707499,0.87292534,0.15031852,0.84968126,0.7025072,0.29749218,0.9557036,0.044296864,0.1128506,0.8871491,0.005342924,0.9946568,0.88188535,0.118114725,0.9790708,0.020929283,0.6846133,0.31538668,0.9566159,0.043384887,0.46344373,0.5365563
Manchester Orchestra,Cope (Deluxe Version),Never Really Been Another Way Out,0.045932774,0.3095346,5.1835184,3.2390041,3.3899765,4.9548726,4.8835783,4.4274483,0.69629014,0.30370992,0.66830313,0.3316964,0.3613771,0.63862336,0.68009853,0.3199016,0.010904123,0.9890966,0.010788686,0.98921114,0.9858407,0.014159071,0.97909236,0.020907437,0.14349739,0.8565024,0.3384612,0.6615388,0.67828137,0.32171842,0.84488237,0.15511759,0.1516429,0.8483569,0.078007,0.9219931,0.85285175,0.14714824,0.96136415,0.038636062,0.6312092,0.36879075,0.9193799,0.08062004,0.46110624,0.5388937
Manchester Orchestra,Cope (Deluxe Version),See It Again,0.024413098,0.27607638,4.687947,3.093448,3.2047267,4.6330605,4.784576,4.4147463,0.7369617,0.2630387,0.7114195,0.28858063,0.4381686,0.5618313,0.6667498,0.33325028,0.006779335,0.9932199,0.002299991,0.9976996,0.9886757,0.011324701,0.98078257,0.019217627,0.102697864,0.8973018,0.13775215,0.8622475,0.68029594,0.31970382,0.8632413,0.1367587,0.14579459,0.8542054,0.046849437,0.95315135,0.84098065,0.15901963,0.97120047,0.02879961,0.6848132,0.31518692,0.915625,0.08437526,0.45148382,0.5485163
Manchester Orchestra,Cope (Deluxe Version),After The Scripture,0.14424604,0.4228862,3.5568094,3.3766487,3.3891826,3.652194,5.0201283,4.40212,0.38074473,0.6192551,0.21194573,0.78805447,0.2626992,0.7373011,0.24095523,0.7590444,0.034063473,0.9659366,0.002892676,0.99710757,0.96856874,0.031431966,0.9964505,0.003549379,0.070901364,0.92909896,0.002115248,0.99788433,0.5529634,0.4470366,0.47728217,0.5227174,0.35818315,0.6418166,0.16787475,0.8321254,0.66424805,0.33575168,0.47601408,0.5239859,0.84806776,0.15193258,0.6859474,0.31405243,0.4738461,0.52615386
Manchester Orchestra,Cope (Deluxe Version),The Ocean,0.050559748,0.42680874,5.0366535,3.27726,3.3574584,4.812141,5.0238523,4.4458623,0.596976,0.40302396,0.7265296,0.27347022,0.42079872,0.57920146,0.59620494,0.40379503,0.017974699,0.9820247,0.0107231,0.989277,0.97176725,0.028232759,0.96981776,0.03018254,0.1612315,0.83876926,0.25820383,0.74179614,0.64474404,0.35525563,0.8785257,0.121474065,0.2393503,0.7606496,0.055033974,0.94496614,0.7849757,0.21502386,0.96143216,0.038567953,0.60938406,0.39061588,0.90924287,0.09075726,0.46637094,0.53362906
Manchester Orchestra,Cope (Deluxe Version),The Mansion,0.06361001,0.37902775,4.7973733,3.1716654,3.3177793,4.628278,4.937246,4.4531403,0.7364113,0.26358867,0.8051944,0.19480588,0.37620696,0.6237933,0.6121852,0.3878147,0.011325032,0.9886743,0.002375212,0.99762464,0.97748923,0.0225109,0.9755215,0.024478493,0.12732585,0.8726743,0.16582261,0.83417743,0.67483354,0.32516676,0.8831432,0.11685719,0.14937194,0.85062826,0.043535948,0.9564648,0.86036,0.13963997,0.9741151,0.025884764,0.49150828,0.50849193,0.9258658,0.07413459,0.46646008,0.53353983
Manchester Orchestra,Cope (Deluxe Version),Every Stone,0.07705842,0.39225653,5.0040035,3.3490937,3.4581668,4.973198,4.8756514,4.4480095,0.6604288,0.3395711,0.84930736,0.15069242,0.37386584,0.62613446,0.6985365,0.3014634,0.01067533,0.9893251,0.007778578,0.9922214,0.97919506,0.020805277,0.96662927,0.03337089,0.12289508,0.87710506,0.34089237,0.6591076,0.6593427,0.34065735,0.9431327,0.05686691,0.16158357,0.83841664,0.010680367,0.9893203,0.87885356,0.12114646,0.9810865,0.018913276,0.55299544,0.4470046,0.9386691,0.06133097,0.46720654,0.5327933
Manchester Orchestra,Cope (Deluxe Version),Choose You,0.043586764,0.3381191,5.0570803,3.2938745,3.4053416,4.967754,4.933594,4.429123,0.67299235,0.3270078,0.710541,0.2894592,0.43633726,0.5636626,0.74216866,0.25783145,0.008703194,0.9912968,0.005417636,0.99458236,0.9790769,0.020923093,0.98404896,0.01595079,0.14334811,0.856652,0.3224007,0.6775992,0.681354,0.3186458,0.89708585,0.10291471,0.13215308,0.8678468,0.0279614,0.9720387,0.8533177,0.14668259,0.96730983,0.0326901,0.6139748,0.38602525,0.92813337,0.071866326,0.45944735,0.5405527
Manchester Orchestra,Fourteen Years Of Excellence,Anne Louise,0.16904567,0.60738194,3.681584,3.6826875,3.649177,3.948709,5.0733066,4.403452,0.39891708,0.6010828,0.2615597,0.7384403,0.28970808,0.7102926,0.14128664,0.85871375,0.030450318,0.9695498,0.003209227,0.9967906,0.96658736,0.033412874,0.9802755,0.019724924,0.12404252,0.8759574,0.009677163,0.9903231,0.553811,0.44618905,0.44155365,0.5584463,0.3605272,0.6394728,0.049251657,0.95074815,0.6352398,0.36476043,0.5884226,0.41157717,0.8314686,0.16853146,0.65462714,0.34537306,0.46778798,0.5322121
Manchester Orchestra,Fourteen Years Of Excellence,Do You Really Like Being Alone,0.12909949,0.5766782,3.6562855,3.5380707,3.3487072,3.8794036,5.103145,4.4094453,0.2928701,0.70713,0.14051265,0.85948706,0.23106101,0.768939,0.07993767,0.92006266,0.021114657,0.9788848,0.001760534,0.9982395,0.97249997,0.027499808,0.98956287,0.010437198,0.10979225,0.89020807,0.00818358,0.9918162,0.47673148,0.5232685,0.23198432,0.76801604,0.44952574,0.5504743,0.15640004,0.8435999,0.55810636,0.44189388,0.43405432,0.5659458,0.8182922,0.18170759,0.56320435,0.43679577,0.46853095,0.5314691
Manchester Orchestra,Fourteen Years Of Excellence,Shake It Out (Alternate Version),0.15144964,0.5760688,3.8057842,3.888442,3.7424247,4.1710258,5.0867395,4.3943996,0.29630986,0.7036898,0.16937792,0.83062184,0.1741832,0.82581645,0.23729454,0.76270497,0.020017978,0.9799828,0.002305771,0.99769443,0.98542416,0.01457599,0.99600977,0.003990617,0.075028345,0.924972,0.045018975,0.95498085,0.38188463,0.6181158,0.36905313,0.6309463,0.49964398,0.5003562,0.16409554,0.8359047,0.5028068,0.49719322,0.4969424,0.50305766,0.8588636,0.14113627,0.79092544,0.2090741,0.46932048,0.53067946
Manchester Orchestra,Fourteen Years Of Excellence,It's Okay With Me,0.16681713,0.35117936,3.570842,3.4667118,3.7319255,3.6702433,4.958357,4.3185015,0.28288308,0.71711713,0.17177227,0.8282279,0.09966681,0.9003336,0.03222526,0.96777457,0.011112717,0.98888767,0.001109163,0.9988907,0.9906105,0.009390734,0.9987167,0.001283282,0.037273593,0.9627259,0.001669072,0.99833083,0.31164876,0.68835115,0.24918073,0.75081944,0.54050153,0.4594981,0.30423433,0.69576585,0.66660374,0.33339673,0.5099141,0.4900858,0.8843163,0.11568397,0.76683974,0.23316044,0.46682683,0.533173
Manchester Orchestra,A Black Mile To The Surface,The Maze,0.015689973,0.21277338,3.7634363,2.9832828,3.185804,3.785852,4.658184,4.3779826,0.7104478,0.28955248,0.6190548,0.38094538,0.40067026,0.59932995,0.29629824,0.7037019,0.009928354,0.99007154,0.001033569,0.9989659,0.98327345,0.01672657,0.9873045,0.012695407,0.08402565,0.91597456,0.009066029,0.99093425,0.66263235,0.33736798,0.85785264,0.14214744,0.18289284,0.8171077,0.03771915,0.9622809,0.8501505,0.14985004,0.86443555,0.13556416,0.86483645,0.1351631,0.8801712,0.11982867,0.46538952,0.53461057
Manchester Orchestra,A Black Mile To The Surface,The Silence,0.03504539,0.27310553,4.0353007,3.100491,3.3759272,4.2828283,4.768997,4.3962474,0.7366351,0.2633647,0.6437333,0.3562664,0.3758733,0.62412643,0.48837784,0.5116224,0.010234065,0.9897657,0.000887199,0.99911356,0.9768828,0.023116998,0.98753846,0.012462243,0.08086273,0.9191375,0.046731908,0.9532682,0.63897884,0.36102027,0.9043435,0.0956568,0.18508755,0.81491184,0.010432066,0.98956865,0.82496154,0.17503838,0.9090628,0.0909372,0.87367314,0.12632693,0.9139213,0.086079024,0.4654235,0.5345766
Manchester Orchestra,A Black Mile To The Surface,"Lead, SD",0.05682398,0.31938875,4.3034706,3.2446656,3.3704667,4.0711293,4.9170814,4.424728,0.70617056,0.29382968,0.66834235,0.33165786,0.33981305,0.6601872,0.37959546,0.6204047,0.006488149,0.9935118,0.002817758,0.99718213,0.99127084,0.008729186,0.99109226,0.008907572,0.10264183,0.89735794,0.13230354,0.86769694,0.64874995,0.3512492,0.8240768,0.17592297,0.240217,0.75978255,0.035586007,0.96441394,0.83595175,0.16404857,0.88515925,0.11484084,0.7529046,0.24709477,0.85420597,0.14579487,0.47464707,0.525353
Manchester Orchestra,A Black Mile To The Surface,The Gold,0.07870788,0.38632646,4.717871,3.6672094,3.7518754,4.750938,5.085072,4.4369493,0.6490716,0.35092857,0.63392437,0.3660755,0.41713974,0.58286005,0.48077366,0.5192264,0.014383162,0.9856176,0.007575648,0.9924241,0.97480315,0.025196794,0.9742035,0.0257961,0.16678132,0.83321863,0.3577285,0.64227134,0.6359186,0.364081,0.75587916,0.24412093,0.28523916,0.7147612,0.06281446,0.93718594,0.7129731,0.2870269,0.89640796,0.103591904,0.6678221,0.33217758,0.81928545,0.1807146,0.46927428,0.53072566
Manchester Orchestra,A Black Mile To The Surface,The Alien,0.14810199,0.32087815,3.9339428,3.5367632,3.6667,3.8365278,4.9597645,4.3417315,0.62054163,0.37945834,0.58231324,0.417687,0.22581936,0.7741804,0.13664506,0.86335486,0.008285455,0.9917145,0.000460912,0.999539,0.9857746,0.014224958,0.992364,0.007635561,0.060931504,0.9390682,0.006931762,0.99306947,0.5366545,0.46334565,0.66328734,0.336712,0.3357561,0.66424376,0.08207955,0.91792125,0.84358793,0.15641236,0.86102057,0.13897984,0.8488207,0.15117909,0.8538597,0.14614001,0.45529976,0.5447002
Manchester Orchestra,A Black Mile To The Surface,The Mistake,0.12429292,0.336426,4.190584,3.4236445,3.4547148,4.275497,4.9877734,4.417314,0.65818876,0.3418112,0.53692645,0.4630736,0.30672926,0.69327044,0.287736,0.71226376,0.013101693,0.98689836,0.002079767,0.99792016,0.97661585,0.02338413,0.99508274,0.004916792,0.11591535,0.8840844,0.10081091,0.8991887,0.5811212,0.41887906,0.68304175,0.3169581,0.2953371,0.70466304,0.08995813,0.91004175,0.79591656,0.20408344,0.80579627,0.19420321,0.6430613,0.35693926,0.8366919,0.1633081,0.4689659,0.53103393
Manchester Orchestra,A Black Mile To The Surface,The Parts,0.18183708,0.46057042,3.5206187,3.5371451,3.736332,3.772539,5.0570745,4.3826013,0.18481568,0.81518406,0.095222026,0.90477777,0.09484701,0.9051536,0.13093401,0.8690655,0.029719237,0.97028047,0.002719373,0.99728,0.9733567,0.026643435,0.9979043,0.00209557,0.05454985,0.9454497,0.001475503,0.9985248,0.3764777,0.62352234,0.347957,0.65204275,0.5634046,0.43659508,0.1197415,0.8802591,0.5696599,0.43034002,0.31608856,0.6839111,0.8187662,0.1812339,0.6917814,0.30821848,0.4836696,0.51633054
Manchester Orchestra,A Black Mile To The Surface,The Grocery,0.12843159,0.36801344,4.3532085,3.2927961,3.514054,4.2409205,5.022688,4.445149,0.6063238,0.39367637,0.7469306,0.25306964,0.20962064,0.79037905,0.38444108,0.61555874,0.007864257,0.99213636,0.001545718,0.99845415,0.99469095,0.005309023,0.9939756,0.006024703,0.07490109,0.92509854,0.07412977,0.92587066,0.5325479,0.46745217,0.78800786,0.21199238,0.37509042,0.62490976,0.078786254,0.9212137,0.75739956,0.2426009,0.947902,0.052098356,0.71410125,0.28589872,0.8859169,0.114083126,0.47721973,0.5227802
Manchester Orchestra,A Black Mile To The Surface,The Wolf,0.034992658,0.32895297,4.871674,3.2085335,3.5482259,4.573034,4.9810395,4.439927,0.82040614,0.17959416,0.80824953,0.19175074,0.44643864,0.553561,0.63097507,0.3690246,0.008373805,0.99162656,0.005331251,0.9946688,0.97671705,0.023283334,0.99075294,0.009246975,0.148857,0.85114306,0.2877223,0.71227777,0.7065535,0.29344636,0.950484,0.049515884,0.14119485,0.858805,0.019365968,0.9806341,0.8523963,0.14760342,0.96116143,0.038839113,0.75657994,0.24342003,0.9352677,0.06473217,0.46676025,0.53323984
Manchester Orchestra,A Black Mile To The Surface,The Sunshine,0.18662354,0.2588751,4.1874843,3.767365,3.8056777,3.8616304,5.0796022,4.4118905,0.70618755,0.29381222,0.6373055,0.3626948,0.11684241,0.8831576,0.07244142,0.9275584,0.010269011,0.98973083,0.002258383,0.9977416,0.99345994,0.006539879,0.9960622,0.003937768,0.057418887,0.9425812,0.018436715,0.98156345,0.5471701,0.45282975,0.61657226,0.38342786,0.25626707,0.74373275,0.118305,0.88169485,0.8634296,0.13657057,0.91158193,0.08841796,0.8063901,0.1936099,0.8690297,0.13096994,0.48139623,0.51860374
Manchester Orchestra,A Black Mile To The Surface,The Moth,0.05598475,0.2769985,5.0575395,3.213525,3.6419718,4.8301663,5.028118,4.4640646,0.7771475,0.22285292,0.8877148,0.11228452,0.4209945,0.57900584,0.60338616,0.39661402,0.006431065,0.99356896,0.009362938,0.99063647,0.99194294,0.008057642,0.9932257,0.006774369,0.14126003,0.8587396,0.32379812,0.676202,0.6721677,0.32783264,0.94770664,0.052293625,0.2144397,0.78556013,0.019810753,0.9801891,0.78630936,0.21369003,0.99373007,0.006269302,0.70229244,0.29770765,0.964869,0.035130583,0.46985134,0.53014857
Manchester Orchestra,"You Brainstorm, I Brainstorm, but Brilliance Needs","Play It Again, Sam! You Don't Have Any Feathers [Explicit]",0.2351666,0.53617376,3.5764968,3.2851112,3.6352956,3.3583522,5.086404,4.3606133,0.054615177,0.9453846,0.03321998,0.9667806,0.06286399,0.93713623,0.00451314,0.9954877,0.017390646,0.9826091,0.003053521,0.9969477,0.9953997,0.004599825,0.99908763,0.000913237,0.04237371,0.95762724,0.0010952,0.99890554,0.20604043,0.79395914,0.04747047,0.9525294,0.81084764,0.18915372,0.7573828,0.24261723,0.26867145,0.7313281,0.24581474,0.7541854,0.7552711,0.24472861,0.7711859,0.22881429,0.47182316,0.5281768
Manchester Orchestra,"You Brainstorm, I Brainstorm, but Brilliance Needs",Slow To Learn,0.09718032,0.4847003,4.813413,3.7847598,3.3391838,4.756329,5.0869207,4.463991,0.64680827,0.35319167,0.55532634,0.4446736,0.46467486,0.5353253,0.70373106,0.29626873,0.017052567,0.9829473,0.008448213,0.9915516,0.96861374,0.03138635,0.9478258,0.05217413,0.18317556,0.8168244,0.3711859,0.62881434,0.6713015,0.3286982,0.7685549,0.23144457,0.13031535,0.8696853,0.016345888,0.98365384,0.83068615,0.16931419,0.8716953,0.12830414,0.7379839,0.262016,0.7876453,0.21235484,0.46886295,0.53113705
Manchester Orchestra,"You Brainstorm, I Brainstorm, but Brilliance Needs",The Procession,0.069085486,0.4426207,4.2906227,3.7182438,3.4696898,4.30479,5.0968127,4.4492154,0.7714235,0.22857621,0.4474231,0.5525771,0.40269497,0.59730476,0.38619253,0.61380756,0.012427766,0.98757166,0.002562008,0.9974375,0.9666706,0.033329528,0.9816799,0.018320374,0.153252,0.8467482,0.15718657,0.84281343,0.7162909,0.28370908,0.664464,0.33553618,0.09803064,0.9019697,0.071022205,0.92897785,0.88671374,0.11328604,0.92168546,0.078314565,0.7229457,0.27705467,0.8575208,0.14247899,0.45824262,0.5417574
Manchester Orchestra,"You Brainstorm, I Brainstorm, but Brilliance Needs",I'd Rather Have,0.10742161,0.44734922,3.9500065,3.649635,3.382587,4.040841,4.9672136,4.375118,0.5555401,0.44445983,0.40806666,0.591933,0.32076627,0.67923415,0.23305412,0.7669459,0.009405533,0.9905943,0.001610984,0.9983892,0.9908734,0.009126765,0.99486154,0.005138511,0.091077924,0.90892184,0.014867092,0.9851325,0.52066046,0.47933948,0.6470659,0.35293376,0.25234622,0.74765456,0.09527849,0.9047216,0.6757905,0.324209,0.8136895,0.18631044,0.84967387,0.15032594,0.8361115,0.16388856,0.46168667,0.53831327
Manchester Orchestra,"You Brainstorm, I Brainstorm, but Brilliance Needs",Alice and Interiors [Explicit],0.14629892,0.5027101,4.180272,3.8478823,3.8130662,4.4284334,5.1408563,4.4568934,0.30245697,0.69754237,0.27153283,0.72846735,0.19636528,0.80363476,0.29827458,0.70172554,0.027040886,0.9729593,0.007611805,0.99238837,0.974546,0.025453916,0.9949329,0.005067127,0.099907316,0.9000927,0.10234718,0.8976524,0.35844907,0.64155066,0.5274472,0.47255275,0.4871348,0.51286507,0.28394023,0.71605986,0.49389946,0.50610065,0.811364,0.18863526,0.6144075,0.3855927,0.8024464,0.19755335,0.4819026,0.51809734
Manchester Orchestra,HOPE,Cope,0.13145787,0.35611734,3.4478261,3.2890823,3.1380417,3.7467885,4.81072,4.352106,0.35028613,0.6497135,0.216752,0.7832483,0.12772863,0.8722708,0.17410181,0.82589793,0.011570643,0.9884293,0.00061943,0.99938035,0.98982096,0.010179365,0.995865,0.004135038,0.044719324,0.95528096,0.001802989,0.99819714,0.39275253,0.6072479,0.6627046,0.3372953,0.3906464,0.60935366,0.068244465,0.9317554,0.70678115,0.29321942,0.6448278,0.35517216,0.81176394,0.1882361,0.77932525,0.22067456,0.46885866,0.5311414
Manchester Orchestra,HOPE,All That I Really Wanted,0.11906692,0.45023024,3.5797775,3.4985173,3.173563,3.7427216,4.8308477,4.326412,0.41159302,0.5884069,0.34027788,0.6597217,0.25524482,0.7447552,0.21017471,0.78982496,0.013337714,0.9866626,0.000449085,0.999551,0.9891317,0.010867779,0.99564064,0.004359687,0.073543735,0.9264562,0.003328502,0.9966722,0.4934025,0.50659764,0.63110536,0.36889467,0.43204886,0.56795126,0.055318873,0.94468105,0.6328589,0.3671413,0.738293,0.26170656,0.79306376,0.20693645,0.7918827,0.20811738,0.46904,0.5309599
Manchester Orchestra,HOPE,Girl Harbor,0.092521004,0.37698203,3.6882179,3.3678389,3.29183,3.6145205,4.875599,4.347327,0.38361987,0.6163802,0.22257225,0.77742743,0.21049067,0.7895092,0.11711293,0.88288695,0.00848771,0.9915123,0.000905776,0.99909467,0.9936573,0.006342906,0.9968303,0.003169773,0.05885605,0.94114405,0.001929249,0.9980709,0.46752158,0.53247833,0.65448594,0.34551406,0.48598766,0.51401246,0.11634247,0.8836576,0.6634349,0.3365648,0.77972335,0.22027649,0.7714866,0.2285136,0.79690737,0.20309238,0.46718916,0.5328108
Manchester Orchestra,HOPE,Indentions,0.13034533,0.32124367,3.6041667,3.3755538,3.2010324,3.861227,4.763967,4.318974,0.5565963,0.44340387,0.36719653,0.63280326,0.24167296,0.75832695,0.17363691,0.8263631,0.009771946,0.99022776,0.00045928,0.99954087,0.98836344,0.011636694,0.9944631,0.005536869,0.06362672,0.9363736,0.001598646,0.9984018,0.50838846,0.49161145,0.7484788,0.2515215,0.29416305,0.7058369,0.059081096,0.9409192,0.7841337,0.2158665,0.818668,0.18133253,0.821686,0.17831345,0.83112043,0.16887957,0.45981652,0.54018366
Manchester Orchestra,HOPE,Top Notch,0.10401029,0.32183805,3.5792449,3.3010569,3.1238391,3.5547106,4.8180027,4.332876,0.464416,0.535584,0.34282717,0.657173,0.18470514,0.81529516,0.21518679,0.7848137,0.011955564,0.9880441,0.000808255,0.9991921,0.9891274,0.010872843,0.9946913,0.005308497,0.050153963,0.94984543,0.001847064,0.9981532,0.4894746,0.5105254,0.65689874,0.34310094,0.3914438,0.608556,0.123139195,0.8768609,0.7477894,0.25221092,0.7585862,0.2414139,0.884105,0.115894824,0.77790344,0.22209644,0.46701258,0.5329875
Manchester Orchestra,HOPE,Trees,0.107057616,0.31515595,3.4455795,3.1660311,3.0964484,3.948857,4.5744376,4.336599,0.7550808,0.24491929,0.7077216,0.29227883,0.37350917,0.62649125,0.41334313,0.5866568,0.01238655,0.98761296,0.00030218,0.9996979,0.97309595,0.026903467,0.97138906,0.028611314,0.09246655,0.9075334,0.003670645,0.99633,0.70307267,0.2969279,0.94918954,0.05081022,0.12431643,0.87568337,0.001224231,0.99877626,0.88996917,0.110030405,0.90444595,0.09555419,0.9310131,0.06898702,0.8530753,0.14692491,0.46470007,0.53529984
Manchester Orchestra,HOPE,See It Again,0.0941458,0.5562625,3.6053245,3.3991842,3.1593642,3.8381386,4.882825,4.3338037,0.73283005,0.26716983,0.40411773,0.5958823,0.4798807,0.52011937,0.337459,0.66254103,0.012177402,0.9878225,0.000799939,0.99920034,0.975872,0.024128301,0.99487776,0.005122112,0.13509402,0.8649055,0.011937616,0.988062,0.7221853,0.27781442,0.6819721,0.318028,0.1640935,0.83590627,0.088737294,0.9112624,0.79848546,0.20151433,0.77480143,0.22519822,0.83557415,0.16442609,0.6495506,0.35044906,0.44934908,0.55065084
Manchester Orchestra,HOPE,The Ocean,0.11097583,0.22253859,3.432351,3.2574253,3.3073092,3.5489306,4.808588,4.3122945,0.44322768,0.5567726,0.23513682,0.76486415,0.076836236,0.9231635,0.09084587,0.9091541,0.008126719,0.99187285,0.000674246,0.9993251,0.99265146,0.007348571,0.99838954,0.001610554,0.025785498,0.97421426,0.001460744,0.9985398,0.36931932,0.63068116,0.75045884,0.24954139,0.4134421,0.5865581,0.06366719,0.9363327,0.7517372,0.24826293,0.7873852,0.21261479,0.9109367,0.089063086,0.9145533,0.08544661,0.4574219,0.5425783
Manchester Orchestra,HOPE,The Mansion,0.116964534,0.20998836,3.415376,3.211187,3.1680062,3.4300923,4.677823,4.2981553,0.4406634,0.5593365,0.36639273,0.6336073,0.090825975,0.9091737,0.0673299,0.9326701,0.008397499,0.9916025,0.000429875,0.9995699,0.9915852,0.008414626,0.99753094,0.002468801,0.0295782,0.97042197,0.000691554,0.99930876,0.39859653,0.6014035,0.7986628,0.2013369,0.42213517,0.5778646,0.0444781,0.9555213,0.7755609,0.22443925,0.85979456,0.14020506,0.84939456,0.15060575,0.89028317,0.10971688,0.46682474,0.5331751
Manchester Orchestra,HOPE,Every Stone,0.12989464,0.27249125,3.3843427,3.198769,3.178357,3.5827343,4.688212,4.317817,0.56427366,0.43572634,0.41398433,0.5860153,0.18921448,0.8107849,0.20383221,0.79616743,0.009767482,0.9902321,0.000345305,0.99965477,0.9846364,0.015363302,0.99545264,0.004547333,0.050548226,0.94945216,0.000862041,0.9991384,0.539303,0.46069694,0.85900915,0.14099112,0.23225422,0.76774585,0.004543282,0.99545723,0.8502861,0.14971425,0.8825877,0.11741229,0.93588024,0.06412046,0.8528134,0.14718623,0.47118133,0.52881867
Manchester Orchestra,HOPE,Choose You,0.09313746,0.36425245,3.6364572,3.32237,3.292771,3.652068,4.895276,4.3241105,0.48386785,0.51613235,0.2558661,0.74413425,0.19085947,0.80914015,0.16004051,0.83995926,0.011711229,0.9882889,0.001212375,0.998788,0.9851122,0.014888048,0.9941325,0.00586724,0.052764043,0.9472356,0.001795266,0.998205,0.50121915,0.49878058,0.6753551,0.3246448,0.36260197,0.63739794,0.0575947,0.94240487,0.7605845,0.23941547,0.74324787,0.25675178,0.88718534,0.112814724,0.83480537,0.16519445,0.4684025,0.5315976
Manchester Orchestra,Mean Everything To Nothing,My Friend Marcus (Album Version),0.09124325,0.41792145,4.694905,3.3706791,3.531129,4.466928,5.0433044,4.4043217,0.794362,0.20563813,0.8662935,0.13370633,0.47146222,0.52853787,0.5055516,0.49444833,0.012243609,0.9877563,0.002598516,0.99740124,0.96141106,0.03858894,0.9868209,0.013179239,0.1609612,0.839039,0.22383639,0.77616405,0.7071474,0.29285246,0.7221709,0.27782935,0.13081223,0.86918783,0.05988492,0.9401149,0.8409789,0.15902126,0.93236446,0.06763537,0.7888282,0.21117233,0.85702395,0.14297642,0.45805773,0.5419425
Manchester Orchestra,Mean Everything To Nothing,In My Teeth (Album Version),0.06785761,0.40118787,5.1435466,3.1674504,3.2315617,4.725488,4.9744964,4.4634504,0.8379386,0.16206117,0.82432526,0.17567495,0.51543784,0.4845622,0.68385047,0.31614992,0.016027287,0.98397344,0.007636618,0.9923637,0.9638572,0.03614267,0.9551403,0.044860173,0.20592664,0.79407316,0.36200675,0.6379929,0.76394004,0.23605995,0.8672898,0.13271056,0.09779045,0.9022094,0.03731423,0.9626861,0.8782888,0.12171133,0.9433556,0.056644395,0.712474,0.28752643,0.84669334,0.1533069,0.45105094,0.548949
Manchester Orchestra,Mean Everything To Nothing,Pride (Album Version),0.06273876,0.45556766,5.064852,3.034708,3.0045533,4.9180284,4.8699045,4.514285,0.86850053,0.1314995,0.8120831,0.18791707,0.6554375,0.34456295,0.8197121,0.18028796,0.010629145,0.98937047,0.000655683,0.9993443,0.95602155,0.043979157,0.95623887,0.043761443,0.2168992,0.7831008,0.39046976,0.60953027,0.8014575,0.19854172,0.9003585,0.09964197,0.05323419,0.94676554,0.006118666,0.9938831,0.88420314,0.11579726,0.9221414,0.07785911,0.8078884,0.19211066,0.85649997,0.14349994,0.44860044,0.55139947
Manchester Orchestra,Mean Everything To Nothing,Tony The Tiger (Album Version),0.07684268,0.45214936,5.2855783,3.647798,3.2013748,5.0948534,5.0526495,4.4611797,0.886436,0.11356365,0.87982565,0.1201744,0.47367784,0.52632236,0.8594167,0.14058277,0.014717876,0.9852819,0.000877623,0.99912214,0.9081623,0.09183752,0.8564601,0.14354019,0.2158968,0.78410316,0.59417146,0.40582848,0.79590565,0.20409435,0.8511413,0.14885879,0.06597213,0.9340282,0.000399085,0.99960136,0.8850846,0.11491554,0.9612992,0.038701024,0.79170996,0.20829065,0.8327511,0.1672491,0.45030075,0.5496993
Manchester Orchestra,Mean Everything To Nothing,The Only One (Album Version),0.053748235,0.42512277,5.711577,2.9344966,3.2151597,5.0672145,5.016066,4.4477935,0.62156224,0.3784378,0.7114412,0.288559,0.4277477,0.57225215,0.69853926,0.3014608,0.015482708,0.9845173,0.009388334,0.9906119,0.99328136,0.006718902,0.9872778,0.012722075,0.19012214,0.80987823,0.5894582,0.41054204,0.62994415,0.3700556,0.78584087,0.2141592,0.22799885,0.77200115,0.093893714,0.90610635,0.7290543,0.27094597,0.8638457,0.136154,0.64655435,0.35344586,0.77546465,0.22453524,0.4469353,0.55306464
Manchester Orchestra,Mean Everything To Nothing,I've Got Friends (Album Version),0.069143526,0.4623118,5.386148,3.36775,3.3794315,4.9202757,5.064233,4.47706,0.8264878,0.17351227,0.856134,0.14386566,0.57255644,0.42744377,0.76634616,0.23365346,0.012253315,0.9877468,0.005267151,0.994733,0.9536126,0.04638704,0.9264315,0.073568895,0.24496907,0.75503004,0.49437895,0.5056211,0.76791865,0.2320809,0.92905813,0.070942186,0.0693103,0.9306895,0.003937228,0.996063,0.8583456,0.14165527,0.9802567,0.019743422,0.6190808,0.380919,0.9003916,0.09960836,0.464111,0.53588897
Manchester Orchestra,Mean Everything To Nothing,The River (Album Version),0.10940878,0.4732184,4.3172555,3.2445753,3.2406874,4.412524,4.926442,4.4349456,0.673085,0.32691488,0.6562463,0.3437538,0.46684057,0.53315955,0.57289743,0.42710263,0.014390536,0.9856106,0.000834396,0.9991656,0.9700824,0.0299183,0.98256826,0.017432041,0.14637269,0.8536275,0.12359871,0.87640125,0.6421736,0.35782668,0.7709898,0.22901055,0.22236688,0.7776328,0.050343227,0.9496573,0.7456974,0.25430268,0.86541224,0.13458754,0.79443705,0.20556363,0.8279994,0.17200144,0.46464017,0.53536
Manchester Orchestra,Mean Everything To Nothing,100 Dollars (Album Version),0.17762977,0.64031184,3.8952591,3.7523148,3.5976543,4.3220243,4.9861026,4.392662,0.5213668,0.4786333,0.37567213,0.62432766,0.48873347,0.5112664,0.3888058,0.6111945,0.020088129,0.9799118,0.005269398,0.99473083,0.9804035,0.019596377,0.993331,0.00666925,0.1914657,0.8085342,0.1632577,0.836742,0.5993959,0.4006042,0.3936857,0.6063141,0.3010627,0.69893736,0.18752599,0.812474,0.5418943,0.4581055,0.464999,0.53500116,0.78115195,0.21884793,0.5946521,0.4053479,0.45814434,0.5418557
Manchester Orchestra,Mean Everything To Nothing,I Can Feel a Hot One (Album Version),0.1244779,0.42266807,3.7414904,3.2854455,3.3427007,3.9097943,4.866139,4.3508687,0.5680795,0.4319204,0.5429587,0.45704147,0.30486718,0.69513243,0.24191983,0.7580806,0.013964341,0.9860355,0.00106755,0.9989331,0.9892338,0.010765933,0.98945946,0.01054018,0.10324711,0.8967528,0.038989365,0.96101046,0.543353,0.45664695,0.5349667,0.46503305,0.3162512,0.68374866,0.20593463,0.7940659,0.7129096,0.28709036,0.7004006,0.29959938,0.7806222,0.21937743,0.6924696,0.30753085,0.4614259,0.5385742
Manchester Orchestra,Mean Everything To Nothing,Shake It Out (Album Version),0.06953216,0.4640694,5.460914,3.012875,3.0945373,5.0534186,5.0549765,4.4926887,0.8462718,0.15372854,0.813472,0.18652816,0.60983974,0.3901604,0.84657335,0.1534273,0.014879989,0.98511964,0.003382411,0.99661803,0.9535991,0.046401285,0.9461255,0.053874392,0.27915284,0.7208469,0.5421722,0.45782736,0.78330386,0.21669605,0.9273376,0.07266255,0.057935204,0.9420647,0.001454957,0.9985456,0.8622997,0.13770054,0.9453613,0.054639153,0.62860996,0.3713899,0.8492608,0.15073916,0.44730756,0.55269253
Manchester Orchestra,Mean Everything To Nothing,"Jimmy, He Whispers (Album Version)",0.1773788,0.5284163,3.8124218,3.6653872,3.6440377,3.9534566,5.024671,4.357262,0.44506302,0.5549368,0.36544165,0.63455874,0.25870392,0.74129593,0.101393245,0.89860684,0.03592998,0.96407,0.00304841,0.99695176,0.9742678,0.025732776,0.9892305,0.010769709,0.12643608,0.8735633,0.029774867,0.9702253,0.5432288,0.4567711,0.29566503,0.70433456,0.3535475,0.6464528,0.17294471,0.8270552,0.6440207,0.35597944,0.58180785,0.41819224,0.8164371,0.18356317,0.634957,0.36504298,0.45603245,0.5439675
Manchester Orchestra,Mean Everything To Nothing,Everything To Nothing (Album Version),0.06332049,0.40744725,5.024197,3.4630945,3.2516227,4.9804606,5.064212,4.4476705,0.7529424,0.24705793,0.6904811,0.3095195,0.49294478,0.5070552,0.67737573,0.32262433,0.015787886,0.98421216,0.004017416,0.99598294,0.96466565,0.035334438,0.93831486,0.061684925,0.22667724,0.77332294,0.44212785,0.5578721,0.70578605,0.2942139,0.72936916,0.27063093,0.13587385,0.8641259,0.024674248,0.9753256,0.81963766,0.18036215,0.8901047,0.109895095,0.7384544,0.2615458,0.77695644,0.22304347,0.4449076,0.55509233
Manchester Orchestra,I'm Like a Virgin Losing a Child,Colly Strings,0.13173795,0.48603353,4.255327,3.515124,3.5260186,4.396621,5.058469,4.408908,0.5083035,0.49169666,0.4635707,0.5364294,0.2947125,0.70528704,0.35188365,0.64811605,0.02034019,0.97965944,0.00211761,0.9978831,0.9838918,0.016107947,0.99228626,0.007714418,0.10770778,0.8922915,0.112702966,0.8872966,0.510739,0.48926145,0.51382136,0.4861784,0.37925467,0.6207453,0.0709268,0.9290735,0.60746837,0.39253175,0.6131665,0.3868327,0.82505393,0.17494632,0.7603952,0.23960498,0.46770695,0.532293
Manchester Orchestra,I'm Like a Virgin Losing a Child,Sleeper 1972,0.13316445,0.41820505,3.5113268,3.613329,3.8035588,3.9413671,4.9341707,4.356024,0.52031773,0.47968218,0.34205735,0.6579426,0.25790554,0.7420944,0.059965197,0.94003487,0.012563571,0.98743623,0.000793686,0.9992062,0.9805396,0.019459428,0.99297774,0.007022027,0.07132913,0.92867136,0.003586641,0.9964134,0.58016145,0.41983896,0.37459633,0.6254033,0.23000641,0.7699939,0.08335273,0.9166468,0.757634,0.2423659,0.41987702,0.58012295,0.8768276,0.12317235,0.70991874,0.2900815,0.47029877,0.5297012
Manchester Orchestra,I'm Like a Virgin Losing a Child,I Can Barely Breathe,0.054512452,0.47430858,4.5305223,3.6280048,3.4329278,4.671152,5.0306554,4.438783,0.7091568,0.2908427,0.6499353,0.3500645,0.4877748,0.5122251,0.65970343,0.34029636,0.012018698,0.98798114,0.002302891,0.9976967,0.9787608,0.021238701,0.9800847,0.019915465,0.15714802,0.8428521,0.27054653,0.72945315,0.6713601,0.32863998,0.7458627,0.2541371,0.16501495,0.83498514,0.05281774,0.9471826,0.7916595,0.20834063,0.8326569,0.16734336,0.80874306,0.19125712,0.83769673,0.16230297,0.46304983,0.53695
Manchester Orchestra,I'm Like a Virgin Losing a Child,Now That You're Home,0.058266565,0.5401133,4.8774095,3.5885515,3.387854,4.848613,5.1750894,4.4907713,0.6805077,0.31949225,0.67370397,0.32629576,0.60141414,0.39858562,0.63162667,0.3683732,0.014415783,0.9855843,0.002023982,0.99797624,0.9820794,0.01792037,0.96632,0.033680174,0.21982479,0.7801752,0.40869316,0.5913069,0.703345,0.2966546,0.70497876,0.29502118,0.20664749,0.79335254,0.07346475,0.9265351,0.73526984,0.2647304,0.84659123,0.15340862,0.7458618,0.2541382,0.77317077,0.22682908,0.47105584,0.528944
Manchester Orchestra,I'm Like a Virgin Losing a Child,I Can Fell Your Pain,0.20867804,0.7144117,3.6205802,3.766835,3.8005922,4.098256,5.1054997,4.4165807,0.2432995,0.75670046,0.17086391,0.8291364,0.22698006,0.77301997,0.083909824,0.91609025,0.031460263,0.96853924,0.001882948,0.99811643,0.98175013,0.018249774,0.98583007,0.014170016,0.11470034,0.88529927,0.007713552,0.99228644,0.403447,0.596553,0.28835586,0.7116441,0.55575454,0.44424546,0.11328807,0.88671184,0.39369705,0.6063032,0.4921913,0.5078087,0.79964864,0.20035115,0.68319386,0.31680608,0.48090425,0.5190957
Manchester Orchestra,I'm Like a Virgin Losing a Child,The Neighborhood Is Bleeding,0.056151405,0.5074757,4.9023213,3.805129,3.5229182,5.0533624,5.156871,4.482761,0.77302223,0.22697806,0.7588793,0.24112087,0.54362464,0.45637536,0.6111345,0.38886538,0.015312741,0.9846872,0.003014008,0.9969856,0.98854876,0.011451119,0.96373373,0.036266286,0.20342019,0.7965801,0.4479742,0.5520258,0.71100146,0.28899872,0.6620934,0.3379065,0.21679546,0.78320456,0.04550562,0.95449466,0.7943562,0.20564361,0.87409115,0.12590899,0.6752883,0.32471144,0.7905024,0.20949748,0.474192,0.525808
Manchester Orchestra,I'm Like a Virgin Losing a Child,Alice and Interiors,0.11520203,0.45508838,4.8179946,3.877042,3.5113711,4.8740807,5.190578,4.5009766,0.6658179,0.33418208,0.6861291,0.3138704,0.37381217,0.626188,0.59727216,0.402728,0.015543767,0.98445576,0.005590214,0.99440956,0.98343885,0.016561626,0.95521027,0.044789996,0.17307244,0.826928,0.40669328,0.59330684,0.63093513,0.3690648,0.589272,0.41072825,0.224494,0.77550656,0.046302963,0.9536969,0.76753265,0.23246717,0.84725726,0.15274276,0.617376,0.38262394,0.76647866,0.23352134,0.4794314,0.5205688
Manchester Orchestra,I'm Like a Virgin Losing a Child,Where Have You Been,0.12989382,0.32147327,4.1049147,3.450396,3.4918847,4.1408286,5.0065484,4.405457,0.6287854,0.3712148,0.6022555,0.39774424,0.20705773,0.7929433,0.29905808,0.70094156,0.011811866,0.988188,0.002398595,0.99760157,0.9810045,0.018995883,0.98248327,0.017517313,0.06090994,0.93908983,0.05548406,0.94451606,0.54153043,0.4584692,0.7426832,0.2573169,0.3507311,0.649269,0.07958299,0.9204176,0.82385236,0.17614813,0.88616514,0.113834314,0.8080907,0.19190902,0.84131813,0.15868169,0.4723151,0.5276851
Manchester Orchestra,I'm Like a Virgin Losing a Child,Wolves at Night,0.03469643,0.32084733,4.8194294,3.7098608,3.5352418,4.923703,5.109413,4.4487977,0.77869874,0.22130126,0.6921737,0.30782676,0.41557914,0.58442056,0.6142052,0.38579503,0.01054318,0.98945695,0.005152983,0.99484706,0.98737866,0.012621263,0.96429026,0.03570975,0.14374349,0.8562568,0.34668398,0.65331554,0.6662341,0.33376595,0.7484118,0.251588,0.18146606,0.8185343,0.02857127,0.9714286,0.86138266,0.13861771,0.9157668,0.084232986,0.7943721,0.20562789,0.78062737,0.21937254,0.46254456,0.53745514
Manchester Orchestra,I'm Like a Virgin Losing a Child,Don't Let Them See You Cry,0.15907213,0.63784945,3.6742346,3.611843,3.6068478,3.9194427,5.058934,4.371851,0.2499024,0.75009745,0.09007028,0.9099298,0.14064959,0.8593501,0.08352832,0.916472,0.023928106,0.9760721,0.001871367,0.99812883,0.9852107,0.01478919,0.990205,0.009795018,0.065344445,0.9346552,0.002476317,0.9975238,0.37274405,0.627256,0.28957915,0.7104209,0.60449535,0.39550447,0.21016295,0.78983706,0.48559055,0.5144095,0.48384285,0.5161571,0.84708375,0.15291631,0.7021692,0.2978312,0.47786084,0.5221392
Manchester Orchestra,I'm Like a Virgin Losing a Child,Golden Ticket,0.12886202,0.50371164,4.4533696,3.54155,3.4094422,4.5412836,5.0401506,4.4186754,0.34543157,0.6545683,0.36794534,0.6320549,0.26299545,0.73700494,0.5614908,0.43850923,0.015210952,0.98478925,0.003840619,0.99615943,0.99347305,0.006527215,0.99461406,0.005385894,0.099787,0.9002126,0.24374726,0.7562527,0.44250217,0.5574982,0.57624656,0.4237536,0.4665887,0.5334114,0.27124748,0.7287527,0.49177396,0.508226,0.6238064,0.3761937,0.7213199,0.2786797,0.70667017,0.29332998,0.48226565,0.51773435
The Front Bottoms,Ann,Lonely Eyes,0.036686476,0.23093799,4.9069304,3.0491512,3.1956904,4.686765,5.098955,4.4218326,0.6399417,0.36005858,0.6202722,0.3797277,0.24827416,0.75172585,0.5868233,0.4131769,0.013192625,0.9868069,0.01491055,0.9850888,0.98490745,0.015092531,0.9935715,0.006428045,0.09070276,0.90929717,0.3443903,0.65560955,0.6609229,0.3390771,0.8579896,0.14201015,0.1848552,0.81514496,0.047137786,0.95286226,0.83361155,0.16638829,0.89599645,0.10400385,0.8409516,0.15904856,0.81730336,0.18269695,0.44738364,0.5526165
The Front Bottoms,Ann,Today Is Not Real,0.041747134,0.26747507,4.451659,3.3534508,3.4808931,4.5245647,4.9215884,4.4070883,0.7520105,0.24799013,0.7269764,0.2730237,0.31927752,0.68072236,0.5800655,0.41993457,0.007659752,0.99234,0.004067176,0.99593306,0.9805674,0.019432342,0.99231404,0.007685273,0.08816513,0.91183496,0.120094486,0.8799058,0.6424039,0.35759616,0.926006,0.07399408,0.11252569,0.88747406,0.022235647,0.97776467,0.84105366,0.15894628,0.94754314,0.052456453,0.852337,0.14766295,0.95037794,0.04962213,0.44622096,0.55377895
The Front Bottoms,Ann,Somebody Else,0.07266542,0.13806485,4.493344,3.2533605,3.6492164,4.674174,4.8670073,4.372794,0.78832704,0.2116726,0.80610186,0.19389875,0.22900727,0.7709925,0.5708991,0.42910123,0.008074356,0.9919251,0.006263007,0.9937374,0.97872907,0.021270895,0.9950251,0.004975006,0.0764381,0.92356163,0.2352699,0.7647305,0.654769,0.34523073,0.906224,0.09377562,0.098572254,0.9014276,0.020538542,0.97946143,0.90558225,0.09441837,0.9463842,0.053616006,0.92654914,0.07345091,0.91922545,0.08077428,0.44610563,0.55389434
The Front Bottoms,Ann,Tie Dye Dragon,0.004205455,0.2488623,4.6301484,3.0693593,3.1950207,4.5214286,4.8401065,4.394003,0.7855818,0.21441825,0.72582966,0.27417043,0.34408087,0.65591896,0.6748368,0.32516336,0.010065599,0.98993486,0.002991636,0.9970086,0.99017113,0.009828998,0.9936465,0.006353932,0.09337676,0.9066231,0.20942129,0.79057837,0.65211236,0.34788752,0.8998378,0.10016231,0.11286605,0.88713384,0.016040457,0.9839596,0.8544117,0.14558832,0.92019653,0.07980371,0.83816665,0.16183335,0.9043841,0.095616,0.448339,0.5516609
The Front Bottoms,Ann,Pale Beneath the Tan (Squeeze),0.037890542,0.2030232,5.4022,3.036525,3.1364853,5.104824,4.980788,4.420423,0.7781647,0.22183508,0.7869388,0.21306139,0.24842682,0.75157315,0.82937306,0.17062685,0.016935771,0.98306453,0.024119856,0.9758802,0.98844606,0.011554087,0.97517073,0.024828887,0.1004103,0.89958996,0.67906266,0.32093748,0.71794504,0.28205478,0.89279765,0.10720271,0.102708735,0.8972919,0.041023735,0.95897627,0.90039074,0.099609315,0.90114266,0.09885744,0.8365329,0.16346735,0.79348207,0.20651814,0.4401177,0.5598825
The Front Bottoms,Ann,I Think Your Nose Is Bleeding,0.031003723,0.19366105,5.299233,2.960957,3.2365997,4.945357,4.9901967,4.4093857,0.74814653,0.25185356,0.8382009,0.16179867,0.20433754,0.79566216,0.7802266,0.219773,0.010166992,0.98983306,0.010597522,0.98940223,0.99170446,0.008295479,0.97356546,0.026434593,0.0848608,0.9151396,0.5397118,0.46028832,0.662809,0.3371906,0.9181314,0.08186808,0.120528094,0.87947154,0.037891105,0.9621094,0.89459836,0.10540166,0.9684726,0.03152763,0.7812018,0.21879852,0.8754223,0.1245773,0.4464732,0.55352676
The Front Bottoms,Back on Top,Laugh Till I Cry,0.106854364,0.5170327,5.4108996,3.4412482,3.7796116,4.7803125,5.1958694,4.498177,0.62981886,0.37018108,0.88061,0.119389914,0.55859005,0.44140998,0.35864213,0.641358,0.031669747,0.96833,0.08277474,0.9172254,0.9565007,0.043499283,0.9503984,0.049601182,0.31653002,0.68347037,0.55099046,0.44900957,0.7335786,0.26642135,0.8500128,0.1499873,0.16929723,0.8307027,0.04386547,0.9561341,0.7871455,0.2128539,0.9389018,0.061098225,0.387295,0.6127051,0.8507164,0.14928335,0.47034723,0.52965295
The Front Bottoms,Back on Top,Ginger,0.05256561,0.3727832,5.8406224,2.935821,3.2264483,5.1835456,5.092931,4.5078015,0.7165549,0.28344527,0.86686444,0.1331356,0.3809738,0.6190262,0.74032015,0.25967953,0.021952976,0.97804666,0.014963438,0.98503685,0.9862219,0.013778259,0.9551877,0.044812363,0.202747,0.7972531,0.7065102,0.29349,0.6966628,0.30333716,0.9249024,0.07509758,0.18766306,0.8123368,0.012284684,0.98771554,0.81464094,0.18535897,0.95751613,0.0424834,0.54132766,0.4586724,0.92265975,0.07734016,0.44778165,0.55221814
The Front Bottoms,Back on Top,The Plan (Fuck Jobs),0.11427229,0.45238012,5.131882,3.5539985,3.8021233,4.7202783,5.1460342,4.475578,0.66063845,0.3393618,0.7987181,0.20128149,0.43459746,0.56540227,0.42887512,0.5711245,0.038886935,0.96111256,0.09061909,0.9093812,0.9366624,0.06333804,0.9466729,0.053327214,0.26293495,0.7370651,0.55931354,0.44068652,0.7005978,0.29940265,0.8306124,0.16938786,0.17865612,0.8213437,0.06874251,0.93125737,0.8219981,0.17800128,0.92110443,0.07889526,0.5414519,0.45854804,0.82240057,0.17759976,0.45606932,0.5439307
The Front Bottoms,Back on Top,Motorcycle,0.07804861,0.4656139,5.4432817,3.3191807,3.5631013,4.9310694,5.091127,4.506314,0.77527577,0.22472426,0.84953254,0.1504674,0.6448921,0.35510764,0.69026786,0.30973244,0.022593385,0.97740597,0.013946157,0.9860537,0.96253383,0.037466172,0.89693284,0.10306687,0.3230583,0.6769415,0.61547405,0.3845263,0.7833045,0.21669531,0.942046,0.05795412,0.0871854,0.91281474,0.011527866,0.98847216,0.87933457,0.12066505,0.9691513,0.030848721,0.62355804,0.37644196,0.8717379,0.12826212,0.44331405,0.5566858
The Front Bottoms,Back on Top,HELP,0.10080146,0.47880542,5.544698,3.2479756,3.4927154,5.0190372,5.1781383,4.480904,0.7014228,0.298577,0.9004907,0.09951003,0.54812557,0.4518748,0.46254635,0.53745353,0.021912275,0.9780873,0.025569366,0.9744301,0.97329754,0.026702765,0.9669675,0.033032462,0.2851429,0.7148574,0.6566687,0.3433313,0.7175026,0.2824975,0.78370094,0.21629895,0.13545687,0.86454356,0.027352205,0.9726485,0.8291309,0.17086963,0.97780585,0.022194557,0.27750418,0.722496,0.84765977,0.15234041,0.45483795,0.5451622
The Front Bottoms,Back on Top,Cough It Out,0.09039062,0.45250365,5.3056903,3.4968667,3.4757469,4.986618,5.166525,4.46863,0.6277451,0.37225547,0.745547,0.25445303,0.40582243,0.5941773,0.47099876,0.5290012,0.026460566,0.97354025,0.025214246,0.9747857,0.9715534,0.028447302,0.95746845,0.04253102,0.22599448,0.774005,0.6238505,0.37614912,0.67044395,0.3295558,0.7635722,0.23642814,0.26757684,0.7324225,0.055826083,0.94417405,0.80481267,0.19518751,0.91403264,0.085966825,0.49077663,0.5092232,0.83537,0.16463028,0.45827892,0.5417212
The Front Bottoms,Back on Top,Summer Shandy,0.074030556,0.39675504,5.1901317,3.1496367,3.4091463,4.8114777,5.128583,4.4756727,0.802707,0.19729248,0.8570164,0.14298339,0.43963975,0.5603604,0.5504859,0.449514,0.023230193,0.9767699,0.02044087,0.97955984,0.9423678,0.05763214,0.9462207,0.053778905,0.21314627,0.7868538,0.4739243,0.5260757,0.731309,0.26869082,0.8725295,0.12747051,0.10859564,0.89140433,0.020149563,0.97985107,0.8686412,0.1313587,0.94042224,0.05957752,0.531674,0.46832606,0.8933603,0.10663994,0.4373234,0.56267655
The Front Bottoms,Back on Top,Historic Cemetery,0.089917876,0.50020885,4.9320707,3.3771887,3.5286305,4.6778593,5.029211,4.4643407,0.70329094,0.29670918,0.7993712,0.20062883,0.5057521,0.4942477,0.5672549,0.432745,0.016689492,0.9833098,0.005738413,0.9942623,0.9708844,0.029115919,0.96362233,0.036377866,0.20576432,0.79423535,0.4126914,0.5873087,0.69746345,0.30253705,0.79207873,0.20792104,0.15375505,0.84624505,0.03209033,0.9679101,0.8415633,0.15843685,0.90846604,0.0915342,0.63347805,0.36652192,0.84686,0.15313981,0.462864,0.537136
The Front Bottoms,Back on Top,West Virginia,0.11064197,0.4649119,5.522394,3.0033658,3.1927028,5.10429,5.1519785,4.573562,0.7393922,0.2606075,0.74751794,0.25248155,0.41383094,0.586169,0.6429478,0.35705245,0.03882078,0.9611793,0.009062059,0.99093795,0.93656313,0.063436754,0.9167263,0.08327366,0.2256005,0.7743993,0.61218727,0.3878126,0.7327698,0.2672301,0.8863292,0.113670364,0.14539607,0.85460424,0.01388173,0.9861186,0.84451073,0.15548974,0.9253035,0.07469619,0.5892488,0.41075128,0.82209617,0.1779033,0.45097724,0.5490227
The Front Bottoms,Back on Top,2YL,0.10772946,0.33518377,5.3422785,3.28506,3.4798903,4.9844275,5.1530848,4.4777813,0.7252637,0.27473652,0.86438525,0.13561504,0.41941196,0.58058786,0.51903063,0.48096937,0.02403499,0.97596526,0.02476395,0.97523546,0.979392,0.020608282,0.9743199,0.02568025,0.21177655,0.78822273,0.64158845,0.35841116,0.72113246,0.27886707,0.81717277,0.18282716,0.14999998,0.8500001,0.02696151,0.9730379,0.8706588,0.12934157,0.9655921,0.034408286,0.6075495,0.39245048,0.8545723,0.1454279,0.45047364,0.54952663
The Front Bottoms,Back on Top,Plastic Flowers,0.06974095,0.3973387,5.552832,2.9422078,3.2078876,5.084233,5.149126,4.5146527,0.7560454,0.2439549,0.83152115,0.16847911,0.49209383,0.50790626,0.67982423,0.3201758,0.021082195,0.9789171,0.009358696,0.99064106,0.9730721,0.026927978,0.96320325,0.03679702,0.21931453,0.78068596,0.6078753,0.3921246,0.7395577,0.26044226,0.8962075,0.103792,0.10124797,0.8987521,0.022863314,0.9771369,0.86219585,0.1378038,0.956395,0.04360477,0.56476384,0.43523607,0.9122346,0.08776533,0.44793054,0.5520695
The Front Bottoms,Talon Of The Hawk,Lone Star,0.090053156,0.457146,5.2325544,3.5128047,3.182853,5.0292277,5.1209245,4.4400506,0.48347306,0.5165268,0.706103,0.29389703,0.18730935,0.81269026,0.6184699,0.38153028,0.013517715,0.9864823,0.00527754,0.99472266,0.99226576,0.00773456,0.96436465,0.035635404,0.10087989,0.8991203,0.6178777,0.3821223,0.48771778,0.5122822,0.75469965,0.24530035,0.46410558,0.5358944,0.029666372,0.97033376,0.73646224,0.26353738,0.91199493,0.08800573,0.4621581,0.5378417,0.8281573,0.1718428,0.46581444,0.5341855
The Front Bottoms,Talon Of The Hawk,Twin Size Mattress,0.06961291,0.48078656,5.005008,3.4107633,3.083798,4.7452993,5.0626683,4.4061604,0.47520277,0.5247972,0.61755,0.38244978,0.3623491,0.63765156,0.5625137,0.43748596,0.013674107,0.98632586,0.00599689,0.99400336,0.99307775,0.006921788,0.97965944,0.02034114,0.14306618,0.8569341,0.5013676,0.49863222,0.53180146,0.46819872,0.6796203,0.32037959,0.3651437,0.63485634,0.09841094,0.90158886,0.7002599,0.29974,0.8734471,0.12655303,0.62160164,0.3783984,0.80153215,0.19846778,0.4519605,0.5480397
The Front Bottoms,Talon Of The Hawk,Tattooed Tears,0.13766257,0.501832,5.0751724,3.6156,3.4231503,4.8420787,5.085902,4.4265356,0.57537484,0.42462564,0.6197722,0.38022766,0.34118065,0.65881944,0.48260266,0.5173973,0.019063627,0.98093677,0.010970671,0.9890297,0.9902334,0.009766647,0.98209983,0.01789986,0.20382783,0.7961725,0.5082724,0.49172747,0.588428,0.4115721,0.5571029,0.44289717,0.3785301,0.62146986,0.1773277,0.82267255,0.6436183,0.35638127,0.7855807,0.21441953,0.54155505,0.4584448,0.6808377,0.31916213,0.46087652,0.53912336
The Front Bottoms,Talon Of The Hawk,Au Revoir (Adios),0.20361549,0.62020195,4.391331,3.7744892,3.4428515,4.4468713,5.089164,4.406609,0.4172409,0.5827589,0.38955265,0.61044735,0.2854514,0.7145485,0.53721213,0.4627877,0.03979826,0.9602015,0.0218408,0.97815883,0.9751963,0.024803419,0.98921496,0.010784778,0.22567631,0.7743237,0.43432686,0.565673,0.5847484,0.4152519,0.5133213,0.4866789,0.47690618,0.5230938,0.1454282,0.8545719,0.5905445,0.40945548,0.62838554,0.37161455,0.46272227,0.5372779,0.5782827,0.4217171,0.46569797,0.53430206
The Front Bottoms,Talon Of The Hawk,Swear To God The Devil Made Me Do It,0.078147426,0.36947504,5.244885,3.486657,3.2409708,4.9365373,5.0373416,4.4358854,0.6041856,0.39581412,0.8002215,0.19977853,0.17018595,0.829814,0.591358,0.408642,0.015491388,0.98450905,0.011404024,0.9885967,0.9901407,0.009858771,0.9440107,0.055989247,0.11232368,0.887676,0.5831195,0.4168805,0.5716207,0.4283792,0.7532779,0.24672218,0.33767122,0.66232914,0.046663113,0.9533372,0.8403404,0.15965956,0.95455396,0.045445528,0.6550889,0.3449112,0.84237593,0.15762353,0.47012958,0.5298705
The Front Bottoms,Talon Of The Hawk,Backflip,0.13164203,0.5650798,5.0368543,3.4556253,3.0290453,4.761086,5.080221,4.442482,0.40869647,0.5913038,0.6105226,0.3894774,0.2552027,0.7447973,0.6237084,0.37629145,0.015245263,0.9847553,0.009616728,0.9903828,0.99340546,0.006594557,0.97019535,0.029804854,0.16204089,0.8379588,0.5790044,0.42099568,0.49306947,0.5069306,0.6635797,0.33642048,0.4650101,0.53499013,0.11492651,0.88507366,0.6195334,0.3804664,0.8394407,0.16055952,0.31084135,0.6891589,0.6563256,0.3436745,0.4695065,0.5304934
The Front Bottoms,Talon Of The Hawk,The Feud,0.03943537,0.36610803,5.740331,3.3815405,3.0991635,5.2627053,5.0623736,4.4418964,0.6160767,0.38392362,0.8000536,0.19994593,0.30693468,0.6930652,0.85385585,0.14614427,0.014778237,0.9852219,0.008916666,0.9910835,0.9903119,0.009687139,0.94204855,0.057951543,0.15674207,0.8432579,0.7650149,0.23498492,0.5784222,0.42157757,0.9238646,0.07613512,0.2863021,0.71369785,0.005181649,0.99481833,0.78900146,0.21099845,0.9659878,0.03401226,0.60986304,0.39013705,0.88253564,0.11746453,0.45304266,0.54695743
The Front Bottoms,Talon Of The Hawk,Skeleton,0.10079092,0.41865677,5.3937674,3.3900833,3.102611,4.923537,5.032974,4.4302263,0.61135924,0.38864043,0.7663773,0.233623,0.23601483,0.763985,0.6434441,0.35655597,0.015345026,0.9846557,0.012999813,0.9870003,0.99413365,0.005866603,0.96131337,0.038687162,0.14853884,0.85146064,0.63106763,0.3689324,0.58104545,0.41895455,0.80682355,0.1931765,0.37855124,0.6214489,0.040630717,0.9593691,0.7732063,0.22679351,0.94515437,0.054845627,0.45771545,0.54228425,0.7804852,0.21951486,0.4604739,0.539526
The Front Bottoms,Talon Of The Hawk,Everything I Own,0.107717566,0.53393906,5.2987,3.6522002,3.2402673,4.9591823,5.097434,4.4292727,0.60722566,0.39277405,0.7728366,0.22716346,0.32635745,0.67364293,0.7714838,0.22851618,0.011862295,0.9881371,0.004406597,0.9955934,0.99136627,0.008633324,0.94801986,0.05198042,0.1510723,0.8489274,0.6705209,0.32947934,0.58068824,0.41931197,0.8310657,0.16893427,0.3424529,0.65754735,0.028143374,0.971857,0.7470635,0.2529365,0.9461985,0.053801473,0.48246086,0.51753896,0.85980874,0.14019118,0.462899,0.5371009
The Front Bottoms,Talon Of The Hawk,Funny You Should Ask,0.07803345,0.48668,5.3693924,3.5336769,3.087709,5.0780673,5.097208,4.4457088,0.58656865,0.41343153,0.66252095,0.33747914,0.342634,0.6573664,0.663959,0.336041,0.014073911,0.98592603,0.007450797,0.99254894,0.99004334,0.009956938,0.9534087,0.04659121,0.15701795,0.84298205,0.6859653,0.3140351,0.5667759,0.43322414,0.72800916,0.27199066,0.35362512,0.6463752,0.031676054,0.9683239,0.74303293,0.2569666,0.899135,0.10086524,0.40775687,0.5922435,0.79248494,0.20751518,0.46779633,0.5322038
The Front Bottoms,Talon Of The Hawk,Santa Monica,0.10461884,0.42730162,5.267138,3.5647485,3.21169,5.000401,5.1106687,4.425101,0.5193825,0.48061743,0.6032732,0.39672658,0.16227493,0.837725,0.5805723,0.41942778,0.01756137,0.9824386,0.008329909,0.99166995,0.9914697,0.008530824,0.974889,0.025111001,0.114289455,0.8857106,0.6061611,0.39383915,0.5364374,0.46356264,0.66131586,0.3386846,0.41719806,0.5828017,0.0806272,0.9193732,0.7946828,0.20531702,0.8979604,0.102039054,0.5121592,0.48784074,0.8099563,0.19004358,0.4642438,0.53575623
The Front Bottoms,Talon Of The Hawk,Peach,0.1144368,0.54943126,5.0734015,3.2559152,2.887888,4.845621,5.1138954,4.453347,0.37964892,0.62035125,0.47881973,0.52118033,0.33187687,0.66812325,0.6121481,0.38785216,0.016679166,0.9833207,0.004311631,0.9956884,0.987741,0.012259266,0.9708012,0.029198738,0.14273207,0.8572676,0.52816826,0.47183174,0.49973768,0.5002624,0.68699193,0.31300816,0.38644844,0.6135516,0.062310554,0.9376895,0.5838792,0.41612095,0.81004536,0.18995446,0.54252154,0.45747855,0.8205288,0.17947125,0.45690438,0.54309547
The Front Bottoms,Rose,Lipstick Covered Magnet,0.09255841,0.46062854,5.158319,3.5391357,3.337031,4.701975,5.125056,4.4421754,0.6333615,0.3666382,0.78028685,0.21971308,0.23196295,0.76803726,0.5230066,0.47699338,0.018785253,0.9812145,0.022193244,0.977807,0.9842845,0.01571524,0.9269053,0.073094554,0.13749027,0.8625101,0.55705655,0.4429438,0.59914476,0.40085566,0.7424208,0.25757903,0.26740026,0.7326,0.09624113,0.9037589,0.81842047,0.18158004,0.8990028,0.1009973,0.38307473,0.6169253,0.7304327,0.2695671,0.4552629,0.5447371
The Front Bottoms,Rose,Awkward Conversations,0.2392725,0.6576917,3.880063,3.414322,3.3190906,3.7766035,5.171852,4.443749,0.23807314,0.76192623,0.33128113,0.66871923,0.23888771,0.7611128,0.042754695,0.95724565,0.032223187,0.9677764,0.016520077,0.98348004,0.98829335,0.011706727,0.9964247,0.003575453,0.2120523,0.7879479,0.040140655,0.9598597,0.47676402,0.5232361,0.13783745,0.86216277,0.7110146,0.28898495,0.50348425,0.4965156,0.41420984,0.58578974,0.5662238,0.4337762,0.40702283,0.59297705,0.35388517,0.6461147,0.46694756,0.53305244
The Front Bottoms,Rose,Jim Bogart,0.11599149,0.4732975,4.4099264,3.5578487,3.3473709,4.3022494,5.056632,4.3835034,0.45988655,0.5401135,0.6134608,0.3865392,0.1618974,0.8381029,0.19430313,0.805697,0.0212264,0.97877336,0.016130637,0.9838691,0.98412365,0.015876263,0.98384875,0.016151419,0.12139393,0.8786058,0.19660574,0.80339396,0.52681273,0.47318766,0.4245871,0.57541263,0.4024914,0.59750843,0.2610826,0.7389176,0.78164876,0.21835111,0.8183251,0.18167448,0.53858393,0.46141616,0.61471623,0.3852839,0.4573733,0.542627
The Front Bottoms,Rose,12 Feet Deep,0.09316469,0.4761001,4.9488444,3.5826242,3.3099213,4.909872,5.156616,4.4599185,0.46220964,0.53779054,0.50584555,0.49415472,0.26119405,0.73880565,0.55995065,0.44004947,0.0165852,0.98341537,0.017248567,0.98275155,0.9913194,0.008680074,0.97855854,0.02144181,0.15316957,0.8468305,0.54219043,0.45780948,0.53466445,0.46533552,0.627862,0.37213796,0.43745828,0.5625419,0.13061869,0.869381,0.689375,0.3106249,0.8296563,0.17034408,0.47847342,0.5215265,0.6851793,0.3148209,0.46890062,0.5310994
The Front Bottoms,Rose,Be Nice To Me,0.08013385,0.41037226,5.199716,3.7170346,3.3862166,4.913891,5.1304636,4.4326634,0.7389555,0.2610446,0.82050985,0.17948982,0.21471441,0.7852858,0.55655754,0.4434424,0.022952097,0.9770476,0.018839126,0.9811605,0.9735942,0.02640571,0.92319655,0.07680328,0.13787027,0.86212957,0.62145334,0.37854654,0.6724188,0.32758138,0.75558484,0.24441509,0.17345962,0.82653993,0.055835184,0.944165,0.8743669,0.12563299,0.93123734,0.0687632,0.56079155,0.43920857,0.76545537,0.23454487,0.45773858,0.54226136
The Front Bottoms,Rose,Flying Model Rockets,0.14399266,0.49486664,5.057061,3.9489002,3.725042,4.9222665,5.1157618,4.4577355,0.60306555,0.3969343,0.79997665,0.20002331,0.27011362,0.7298869,0.52528405,0.47471592,0.025938222,0.9740622,0.020455038,0.97954476,0.98357755,0.016422346,0.8815365,0.11846386,0.17037341,0.8296269,0.5623743,0.43762577,0.62814933,0.3718509,0.6698367,0.33016336,0.2503599,0.74964035,0.07076004,0.9292401,0.7724802,0.22752011,0.85729504,0.14270484,0.5727612,0.42723855,0.6568975,0.34310243,0.4575666,0.5424335
The Front Bottoms,Going Grey,Don't Fill up on Chips,0.08938377,0.264008,5.112211,3.2446954,3.4031248,5.144998,5.0942903,4.4083433,0.68230736,0.3176931,0.656945,0.3430546,0.17673568,0.82326394,0.71101266,0.28898707,0.015814314,0.98418576,0.016874844,0.9831257,0.9821756,0.017824056,0.986674,0.013326243,0.09325922,0.90674067,0.61979693,0.38020307,0.6070575,0.39294246,0.770684,0.22931568,0.18848908,0.81151104,0.043429248,0.9565708,0.7861908,0.21380867,0.8602132,0.13978739,0.8815187,0.11848116,0.8323128,0.16768712,0.44316822,0.5568317
The Front Bottoms,Going Grey,You Used to Say (Holy Fuck),0.119718514,0.2369557,4.3874826,3.5210283,3.6499841,4.4494147,5.021486,4.4090114,0.8388161,0.16118373,0.7697651,0.23023449,0.23785713,0.76214355,0.59178746,0.40821254,0.012611044,0.9873889,0.00529184,0.9947083,0.97203994,0.027960187,0.9804554,0.01954424,0.12033874,0.8796613,0.22630097,0.7736992,0.71531785,0.28468156,0.87269086,0.12730895,0.107543945,0.89245576,0.015518083,0.98448163,0.90774935,0.09225023,0.9092611,0.09073927,0.88038486,0.11961515,0.8428108,0.15718906,0.4648713,0.5351288
The Front Bottoms,Going Grey,Trampoline,0.12264806,0.35303158,4.9015775,3.2526455,3.4432538,4.732672,5.130577,4.461241,0.61528826,0.38471198,0.79757935,0.20242037,0.33517665,0.6648233,0.458236,0.5417641,0.028538676,0.97146094,0.027126744,0.972873,0.9814928,0.018507196,0.9861451,0.013854865,0.17688824,0.823112,0.43173853,0.5682615,0.6282779,0.3717221,0.7774133,0.22258681,0.26925737,0.73074293,0.076533034,0.9234669,0.7277746,0.2722254,0.8891149,0.11088514,0.5279256,0.47207445,0.8177824,0.18221775,0.46133226,0.53866774
The Front Bottoms,Going Grey,Raining,0.029961323,0.2962518,5.084737,3.2480547,3.3301547,5.138587,4.996663,4.397958,0.72628796,0.27371243,0.732978,0.26702216,0.27575317,0.72424704,0.7723585,0.22764131,0.005891246,0.9941088,0.013901747,0.9860986,0.9927659,0.007234205,0.9833835,0.016616473,0.081947625,0.9180523,0.5562101,0.44378987,0.6189836,0.3810162,0.8301495,0.16985019,0.1789635,0.8210368,0.045023877,0.9549762,0.8053475,0.19465272,0.91391045,0.08608957,0.8501755,0.1498243,0.8782178,0.12178232,0.44156417,0.5584357
The Front Bottoms,Going Grey,Bae,-0.016932858,0.3399579,5.2301974,3.0602722,3.2070115,5.121227,5.0540967,4.448984,0.8255058,0.17449418,0.7344085,0.26559147,0.33437577,0.6656243,0.8324505,0.16754958,0.005202705,0.9947969,0.002013954,0.99798685,0.9896144,0.010385213,0.9834671,0.01653327,0.10519722,0.8948029,0.56298393,0.4370161,0.6964234,0.3035767,0.90227306,0.09772669,0.06940625,0.9305932,0.007705418,0.99229455,0.8813798,0.118620045,0.9393841,0.06061557,0.81090605,0.18909414,0.89631355,0.10368617,0.45907944,0.5409205
The Front Bottoms,Going Grey,Ocean,0.10013666,0.45872247,4.7349906,3.373965,3.535349,4.709604,4.913884,4.440518,0.6881673,0.31183273,0.76316774,0.23683244,0.4896434,0.5103564,0.6041701,0.39583,0.010139259,0.9898613,0.009072523,0.9909269,0.98334104,0.016659033,0.9584606,0.041539993,0.1946547,0.8053458,0.41446877,0.5855311,0.6750807,0.32491967,0.80597293,0.19402711,0.16665295,0.8333472,0.037647128,0.96235347,0.7183245,0.28167593,0.90177864,0.09822172,0.6530354,0.34696457,0.8400912,0.15990837,0.46831647,0.5316834
The Front Bottoms,Going Grey,Peace Sign,0.10332337,0.39784443,5.240652,3.1346996,3.372224,5.204474,5.106656,4.449294,0.74166024,0.25834,0.73124605,0.268754,0.38420466,0.61579525,0.7901118,0.20988789,0.01430837,0.9856918,0.003314883,0.9966856,0.9806664,0.019333325,0.98373294,0.0162672,0.19256777,0.8074324,0.64256006,0.35743976,0.665103,0.33489722,0.82350653,0.17649335,0.13417318,0.8658268,0.04370855,0.9562914,0.79406893,0.20593128,0.8878412,0.11215866,0.69631326,0.3036868,0.8744598,0.12554018,0.44593793,0.5540619
The Front Bottoms,Going Grey,Everyone but You,0.09577172,0.47792226,5.2479405,3.3260925,3.4182482,4.8356924,5.1088495,4.4992237,0.7625651,0.23743497,0.8740431,0.12595686,0.466648,0.53335184,0.68641424,0.31358567,0.018138329,0.9818608,0.018672936,0.9813272,0.95740753,0.042592794,0.9409502,0.059050377,0.23290749,0.76709247,0.587486,0.41251397,0.70045644,0.29954335,0.8886731,0.11132698,0.13831607,0.8616837,0.020119412,0.9798806,0.81582195,0.18417789,0.9618616,0.038138747,0.4229194,0.5770803,0.85853016,0.14147012,0.46708804,0.5329119
The Front Bottoms,Going Grey,Grand Finale,0.086939976,0.37545153,4.9943757,3.5004334,3.5450037,4.76137,5.1099796,4.4596815,0.91998667,0.08001367,0.8184422,0.18155803,0.38830948,0.6116902,0.7351209,0.26487917,0.011733621,0.98826635,0.003764811,0.9962352,0.95328593,0.046713628,0.94997543,0.050024275,0.20859325,0.7914069,0.46819407,0.5318059,0.7754083,0.22459246,0.85735834,0.14264178,0.0451508,0.95484895,0.004744274,0.9952558,0.9305845,0.0694159,0.9495011,0.050499097,0.6949105,0.3050894,0.8757564,0.124244176,0.44428307,0.55571663
The Front Bottoms,Going Grey,Vacation Town,0.07303072,0.42071313,5.333293,3.275195,3.2044992,5.010411,5.108221,4.440754,0.69130445,0.30869555,0.7849334,0.21506642,0.39297435,0.60702527,0.82659113,0.17340901,0.015460705,0.98453885,0.009630222,0.9903695,0.98183113,0.018169185,0.9384782,0.06152137,0.19533285,0.8046668,0.6611531,0.33884683,0.6762089,0.32379138,0.89240336,0.1075966,0.11310218,0.8868982,0.006712625,0.9932873,0.83414924,0.16585071,0.92909527,0.07090448,0.6705129,0.32948712,0.879932,0.12006821,0.44676182,0.5532382
The Front Bottoms,Going Grey,Far Drive,0.13036391,0.34141815,5.0321884,3.4170408,3.5939267,4.920517,5.0708528,4.426059,0.76030743,0.23969251,0.83887345,0.16112679,0.27608243,0.72391725,0.6689704,0.3310297,0.018971927,0.9810285,0.010733821,0.98926604,0.9335445,0.06645563,0.9654795,0.03452089,0.16434401,0.8356566,0.49208754,0.50791246,0.69659287,0.30340734,0.89596945,0.104030825,0.09987497,0.9001249,0.009575406,0.9904246,0.90667564,0.09332429,0.95766646,0.042333502,0.66013175,0.33986855,0.89457345,0.10542627,0.4440765,0.5559232
The Front Bottoms,The Front Bottoms,Legit Tattoo Gun,0.072295174,0.39546373,5.10869,3.2034922,3.1932404,4.784418,5.1256123,4.477943,0.70154005,0.29846025,0.75180703,0.24819297,0.32028696,0.6797132,0.5053635,0.49463657,0.017760755,0.982239,0.015089878,0.9849106,0.9786544,0.021346062,0.96540165,0.03459875,0.16886221,0.8311372,0.48756495,0.512435,0.65637296,0.34362677,0.7990065,0.20099306,0.20889892,0.79110086,0.047425866,0.9525745,0.82205635,0.17794423,0.9426709,0.05732934,0.55361575,0.44638425,0.8555183,0.14448208,0.45556176,0.5444386
The Front Bottoms,The Front Bottoms,The Beers,0.28955665,0.5045471,5.2052236,3.2722628,3.1083713,5.2389894,5.1454515,4.4748745,0.84519213,0.15480812,0.38000435,0.6199955,0.19710432,0.8028958,0.75398225,0.24601789,0.107957765,0.8920422,0.011281589,0.9887182,0.9799569,0.020043533,0.9732604,0.026739543,0.29019943,0.7098008,0.6186902,0.38130963,0.7633111,0.23668891,0.5767969,0.42320338,0.14896391,0.85103667,0.09182453,0.9081748,0.6671835,0.3328163,0.5814409,0.418559,0.7439599,0.25604016,0.63599193,0.36400792,0.45757097,0.5424289
The Front Bottoms,The Front Bottoms,Rhode Island,0.12629424,0.57030874,4.9547,3.5037043,3.4004815,4.525289,5.1178617,4.453072,0.5342728,0.46572715,0.7746012,0.22539875,0.4258753,0.57412475,0.34403113,0.65596896,0.03324246,0.9667576,0.03957841,0.9604215,0.9662588,0.033741366,0.96541417,0.03458562,0.23158066,0.7684192,0.30603635,0.69396335,0.69499564,0.30500418,0.8010127,0.19898745,0.24939059,0.7506094,0.05114292,0.9488574,0.8002826,0.19971691,0.94345605,0.05654377,0.59367806,0.4063221,0.7406533,0.2593466,0.47134325,0.52865666
The Front Bottoms,The Front Bottoms,The Boredom Is The Reason I Started Swimming. It's Also The Reason I Started Sinking,0.110071674,0.41700038,4.7958426,3.4047246,3.2741785,4.6026344,5.1737704,4.4616666,0.5306968,0.4693029,0.73315525,0.26684445,0.28789946,0.71210045,0.24914272,0.75085753,0.025610438,0.97438914,0.0369042,0.9630951,0.9802559,0.019744135,0.9760201,0.023979539,0.15184115,0.84815896,0.3761692,0.6238305,0.6160425,0.38395712,0.71010846,0.2898917,0.2590806,0.7409195,0.057873048,0.94212765,0.7809626,0.21903728,0.936569,0.0634312,0.5807365,0.41926363,0.831175,0.16882539,0.46643883,0.5335612
The Front Bottoms,The Front Bottoms,Swimming Pool,0.23143953,0.4934018,5.0715137,3.185608,3.0537305,4.7637196,5.133079,4.449661,0.7127888,0.28721142,0.2873445,0.7126554,0.2831324,0.71686757,0.55831724,0.44168255,0.07827514,0.9217252,0.006759166,0.99324137,0.97715276,0.022847237,0.9929764,0.007024156,0.24103804,0.75896275,0.45593917,0.54406095,0.6952894,0.30471057,0.7012402,0.2987599,0.22699188,0.7730083,0.08000044,0.92000026,0.58406425,0.41593528,0.7864325,0.2135674,0.7486628,0.25133744,0.78198546,0.21801487,0.4574621,0.5425379
The Front Bottoms,The Front Bottoms,Bathtub,0.11038224,0.52807707,4.6628194,3.3023064,3.0398552,4.4459834,5.188747,4.522504,0.5877438,0.412256,0.4766562,0.523344,0.24834771,0.75165224,0.4857066,0.51429373,0.029099457,0.9709007,0.00520102,0.99479866,0.94449204,0.055507697,0.93246883,0.067531064,0.14870921,0.851291,0.31113985,0.68886024,0.64005375,0.35994604,0.63362724,0.3663728,0.2583915,0.74160844,0.10874372,0.8912564,0.81075686,0.18924333,0.7569699,0.24302983,0.63342905,0.36657092,0.6546433,0.34535658,0.46534377,0.53465635
The Front Bottoms,The Front Bottoms,Flashlight,0.074682064,0.42858168,5.53395,3.0815191,3.0945628,5.0158596,5.102285,4.4728866,0.45942292,0.5405769,0.7288048,0.27119514,0.296137,0.70386297,0.6757571,0.32424316,0.017956216,0.9820439,0.023672387,0.9763276,0.9943139,0.00568559,0.95532507,0.04467436,0.13955499,0.86044484,0.68377537,0.316225,0.58155537,0.4184446,0.84499955,0.15500025,0.2607063,0.73929393,0.045525182,0.9544747,0.68653196,0.3134683,0.924214,0.075786114,0.6179978,0.38200197,0.8303337,0.16966671,0.459376,0.54062384
The Front Bottoms,The Front Bottoms,Hooped Earings,0.12148447,0.37864152,4.923057,3.586789,3.5059016,4.555927,5.1412773,4.4586773,0.65858185,0.34141833,0.8007109,0.19928913,0.25481457,0.74518543,0.44278714,0.55721253,0.01797329,0.98202646,0.023337172,0.97666323,0.9762782,0.023721445,0.9551068,0.044893056,0.120759174,0.8792416,0.37043458,0.6295653,0.65308607,0.34691358,0.8054756,0.19452396,0.21238893,0.78761035,0.03215686,0.967843,0.8429976,0.15700248,0.917975,0.082025,0.72174925,0.27825066,0.82322013,0.17677994,0.46515027,0.53485
The Front Bottoms,The Front Bottoms,Mountain,0.11468072,0.5761044,4.876992,3.367238,3.3546367,4.3400474,5.0554657,4.4333615,0.5536623,0.4463375,0.800961,0.19903882,0.43816486,0.561835,0.31574446,0.6842554,0.0373636,0.9626364,0.026940793,0.9730596,0.9552305,0.044769432,0.92062384,0.079376034,0.2483448,0.7516549,0.3029271,0.69707274,0.70353925,0.29646093,0.7442939,0.25570583,0.24500269,0.7549977,0.0820684,0.917932,0.7856583,0.21434139,0.9141275,0.085872725,0.53952545,0.46047425,0.73978007,0.2602201,0.45738757,0.5426123
The Front Bottoms,The Front Bottoms,Looking Like You Just Woke Up,0.044049185,0.3976409,5.538346,3.0322716,3.151363,4.775279,5.148239,4.492206,0.5769046,0.4230953,0.7654224,0.23457746,0.29020485,0.7097949,0.48746565,0.5125342,0.027505629,0.97249436,0.03516051,0.96483946,0.9714189,0.028580675,0.975105,0.02489487,0.13532025,0.8646803,0.49856618,0.5014338,0.67642593,0.32357436,0.88783985,0.11215993,0.20376794,0.796232,0.040000584,0.95999974,0.8155012,0.1844991,0.9505698,0.049429916,0.4078982,0.59210175,0.7962815,0.20371833,0.45434973,0.54565024
The Front Bottoms,The Front Bottoms,Father,0.18946137,0.45111966,5.3473687,2.9580023,2.9136765,4.7069764,5.075594,4.441136,0.8033785,0.19662155,0.5580897,0.44191036,0.25799343,0.74200666,0.6702673,0.32973307,0.071133,0.9288663,0.005517234,0.99448264,0.9746124,0.025387798,0.9936132,0.006386969,0.21963166,0.78036845,0.4744478,0.52555215,0.7238143,0.27618548,0.8194553,0.18054444,0.18619096,0.81380916,0.0309386,0.9690611,0.63169754,0.36830255,0.9120947,0.08790505,0.71871465,0.28128493,0.8382769,0.16172378,0.4494159,0.5505844
The Front Bottoms,The Front Bottoms,Maps,0.07820255,0.3608967,5.2887425,3.1477294,2.9272017,4.7581706,5.150119,4.4892335,0.6372918,0.36270815,0.6497768,0.35022327,0.20149815,0.79850215,0.62273574,0.37726408,0.016390625,0.98360914,0.018749729,0.9812499,0.98451,0.015490199,0.9631708,0.036829088,0.10954621,0.8904534,0.5534675,0.44653255,0.6125631,0.38743734,0.81593376,0.1840663,0.23016062,0.76983917,0.04737908,0.9526212,0.8452471,0.15475282,0.92711616,0.07288333,0.6306595,0.36934042,0.77480847,0.22519238,0.45960888,0.5403915
The Front Bottoms,Needy When I'm Needy,Joanie,0.09603888,0.3737288,5.439842,3.177725,3.3974314,4.911516,5.130749,4.494138,0.74599904,0.25400114,0.79810274,0.20189711,0.39695436,0.6030458,0.55868435,0.44131577,0.025933493,0.97406626,0.029075127,0.97092474,0.9669295,0.03307087,0.9489608,0.05103917,0.21668395,0.7833167,0.5718284,0.42817155,0.7109697,0.2890301,0.83240694,0.16759284,0.17775713,0.8222434,0.053429797,0.94657046,0.8350512,0.16494937,0.9219134,0.078086115,0.5229479,0.47705212,0.8437584,0.15624163,0.4563476,0.5436524
The Front Bottoms,Needy When I'm Needy,Tighten Up,0.11797758,0.33101565,5.1155305,3.3747482,3.6017334,4.742415,5.1259236,4.449617,0.6548658,0.34513384,0.77675873,0.22324128,0.25463888,0.7453611,0.46891227,0.531088,0.019096423,0.980903,0.025481682,0.97451836,0.9738122,0.026187627,0.9713861,0.028614175,0.13492656,0.8650739,0.4845895,0.5154106,0.6284527,0.3715472,0.8058757,0.19412434,0.22783236,0.7721677,0.03692234,0.9630771,0.8534485,0.146551,0.8879755,0.11202441,0.6354305,0.3645691,0.8662566,0.13374352,0.46384183,0.5361581
The Front Bottoms,End of summer (now I know),End of summer (now I know),0.04684388,0.37417585,4.432139,3.4297519,3.3266592,4.3440523,5.0396194,4.4110637,0.71085566,0.2891442,0.53905696,0.46094316,0.36318338,0.6368166,0.5491247,0.4508756,0.009063878,0.99093676,0.004182206,0.99581766,0.983611,0.016388671,0.99108505,0.008914861,0.10270265,0.8972972,0.16462255,0.8353778,0.6475,0.35250062,0.8509741,0.14902607,0.1898579,0.8101425,0.03861412,0.9613859,0.83163667,0.16836268,0.90090966,0.09908974,0.73365784,0.26634207,0.85299236,0.1470079,0.4623707,0.5376292
"Manchester Orchestra, The Front Bottoms",Allentown,Allentown,0.0686811,0.5418743,4.227223,3.440926,3.0300417,4.231542,4.8797297,4.3986073,0.7237113,0.276289,0.73774904,0.2622512,0.5118014,0.4881984,0.7403838,0.25961637,0.011783787,0.98821574,0.000475553,0.99952495,0.9779144,0.022085087,0.9653239,0.034676142,0.1481745,0.8518255,0.16924413,0.8307552,0.69102967,0.30896986,0.8585493,0.14145099,0.18592982,0.8140699,0.010947677,0.98905265,0.74968624,0.25031346,0.91025907,0.08974099,0.87802714,0.12197264,0.7645342,0.23546553,0.45617357,0.5438262
